Incident Date,Severity,Make,Model,Model Year,Operating Entity,Cluster ID,Mileage,Incident_Time,Roadway_Type,Roadway_Surface,Posted Speed Limit (MPH),Lighting,Weather,Crash_With,Air_Bag,SV Precrash Speed (MPH)
2024-10-01,POD,CRUISE,AV,2023,Cruise,3.0,11.0,Day,Intersection,Dry,30,Daylight,Clear,Object,No,13
2024-09-01,POD,JAGUAR,I-Pace,2024,Waymo LLC,3.0,67.0,Night,Street,Dry,30,Daylight,Clear,PC,No,0
2024-08-01,POD,JAGUAR,I-Pace,2024,Waymo LLC,3.0,69.0,Day,Street,Dry,35,Daylight,Clear,PC,No,0
2023-05-01,POD,CRUISE,AV,2023,Cruise,3.0,160.0,Day,Street,Dry,25,Dark/Lighted,Clear,PC,No,9
2024-05-01,Minor,JAGUAR,I-Pace,2024,Waymo LLC,3.0,164.0,Day,Highway,Dry,65,Daylight,Cloudy/fog,PC,No,10
2024-05-01,POD,JAGUAR,I-Pace,2024,Waymo LLC,3.0,277.0,Night,Highway,Dry,65,Dark/Not_Lighted,Clear,Object,No,61
2023-08-01,POD,CRUISE,Origin,2024,Cruise,3.0,291.0,Day,Street,Dry,25,Dark/Lighted,Clear,Object,No,6
2024-09-01,POD,JAGUAR,I-Pace,2024,Waymo LLC,3.0,335.0,Night,Street,Dry,25,Dark/Lighted,Clear,PC,No,0
2023-08-01,Moderate,CRUISE,AV,2023,Cruise,3.0,391.0,Day,Intersection,Dry,25,Dark/Lighted,Clear,PC,Yes,0
2023-08-01,POD,CRUISE,AV,2023,Cruise,3.0,408.0,Day,Intersection,Dry,25,Dark/Lighted,Clear,HV,No,0
2024-07-01,POD,JAGUAR,I-Pace,2024,Waymo LLC,3.0,431.0,Day,Street,Dry,25,Dark/Not_Lighted,Clear,PC,No,0
2024-07-01,POD,JAGUAR,I-Pace,2024,Waymo LLC,3.0,449.0,Night,Street,Dry,25,Daylight,Clear,PC,No,0
2024-09-01,POD,JAGUAR,I-Pace,2024,Waymo LLC,3.0,531.0,Day,Street,Dry,25,Dark/Lighted,Clear,PC,No,0
2024-03-01,POD,JAGUAR,I-Pace,2024,Waymo LLC,3.0,549.0,Day,Street,Wet,30,Daylight,Snow/rain,PC,No,13
2023-10-01,POD,CRUISE,AV,2023,Cruise,3.0,594.0,Day,Street,Dry,30,Daylight,Clear,HV,No,13
2023-08-01,POD,CRUISE,AV,2023,Cruise,3.0,642.0,Night,Street,Dry,25,Dark/Lighted,Cloudy/fog,HV,No,0
2024-03-01,POD,JAGUAR,I-Pace,2024,Waymo LLC,3.0,676.0,Day,Intersection,Dry,30,Daylight,Clear,HV,No,0
2022-06-01,Minor,CRUISE,AV,2022,Cruise,3.0,697.0,Night,Intersection,Dry,25,Dark/Lighted,Clear,PC,Yes,0
2024-06-01,POD,JAGUAR,I-Pace,2024,Waymo LLC,3.0,748.0,Day,Street,Dry,20,Dark/Lighted,Cloudy/fog,PC,No,0
2022-12-01,POD,CRUISE,AV,2023,Cruise,3.0,820.0,Night,Street,Dry,25,Dark/Lighted,Clear,PC,No,6
2024-05-01,POD,JAGUAR,I-Pace,2024,Waymo LLC,3.0,905.0,Day,Street,Dry,25,Daylight,Clear,HV,No,0
2023-04-01,POD,CRUISE,AV,2023,Cruise,3.0,965.0,Night,Intersection,Dry,25,Dark/Lighted,Clear,PC,No,10
2022-01-01,POD,JAGUAR,I-Pace,2021,Waymo LLC,3.0,1078.0,Day,Intersection,Dry,25,Dark/Lighted,Clear,PC,No,1
2023-03-01,POD,CRUISE,AV,2023,Cruise,3.0,1111.0,Night,Street,Wet,25,Dark/Lighted,Snow/rain,PC,No,10
2024-10-01,POD,JAGUAR,I-Pace,2024,Waymo LLC,3.0,1122.0,Day,Street,Dry,25,Daylight,Clear,HV,No,2
2023-02-01,POD,CRUISE,AV,2023,Cruise,3.0,1129.0,Day,Street,Dry,25,Dark/Lighted,Clear,HV,No,24
2023-03-01,POD,CRUISE,AV,2023,Cruise,3.0,1200.0,Day,Street,Wet,25,Dark/Lighted,Snow/rain,PC,No,12
2021-07-01,POD,JAGUAR,I-Pace,2021,Waymo LLC,3.0,1232.0,Day,Street,Dry,25,Daylight,Clear,PC,No,18
2022-12-01,POD,CRUISE,AV,2023,Cruise,3.0,1239.0,Night,Street,Dry,25,Dark/Lighted,Clear,PC,No,0
2024-06-01,POD,JAGUAR,I-Pace,2024,Waymo LLC,3.0,1283.0,Night,Intersection,Dry,20,Dark/Lighted,Clear,PC,No,0
2024-10-01,Serious,JAGUAR,I-Pace,2024,Waymo LLC,3.0,1305.0,Day,Street,Dry,25,Daylight,Clear,PC,No,0
2023-03-01,POD,CRUISE,AV,2023,Cruise,3.0,1326.0,Night,Street,Dry,25,Dark/Lighted,Clear,HV,No,0
2024-02-01,POD,JAGUAR,I-Pace,2024,Waymo LLC,3.0,1328.0,Day,Intersection,Wet,40,Daylight,Cloudy/fog,PC,No,0
2024-10-01,POD,JAGUAR,I-Pace,2024,Waymo LLC,3.0,1353.0,Night,Street,Dry,35,Dark/Lighted,Clear,PC,No,28
2024-09-01,POD,JAGUAR,I-Pace,2024,Waymo LLC,3.0,1381.0,Day,Street,Dry,35,Dark/Lighted,Clear,PC,No,26
2024-06-01,POD,JAGUAR,I-Pace,2024,Waymo LLC,3.0,1436.0,Day,Street,Dry,15,Daylight,Clear,Object,No,2
2023-05-01,POD,CRUISE,AV,2023,Cruise,3.0,1459.0,Day,Street,Dry,25,Dark/Lighted,Clear,PC,No,0
2023-08-01,POD,CRUISE,AV,2023,Cruise,3.0,1588.0,Day,Intersection,Dry,25,Dark/Lighted,Cloudy/fog,PC,No,7
2024-07-01,POD,JAGUAR,I-Pace,2024,Waymo LLC,3.0,1792.0,Day,Street,Dry,20,Daylight,Clear,PC,No,0
2023-08-01,Minor,CRUISE,AV,2023,Cruise,3.0,1975.0,Day,Intersection,Dry,25,Daylight,Clear,PC,No,1
2022-07-01,POD,CRUISE,AV,2022,Cruise,3.0,2043.0,Day,Street,Dry,25,Dark/Lighted,Clear,PC,No,0
2023-07-01,POD,CRUISE,AV,2023,Cruise,3.0,2046.0,Night,Street,Dry,25,Dark/Not_Lighted,Clear,HV,No,0
2021-09-01,POD,JAGUAR,I-Pace,2021,Waymo LLC,3.0,2055.0,Day,Street,Dry,25,Dark/Not_Lighted,Clear,PC,No,2
2023-04-01,POD,CRUISE,AV,2023,Cruise,3.0,2109.0,Day,Street,Dry,25,Dark/Lighted,Clear,PC,No,0
2023-02-01,POD,CRUISE,AV,2023,Cruise,3.0,2126.0,Day,Intersection,Dry,25,Dark/Lighted,Clear,HV,No,7
2024-08-01,POD,JAGUAR,I-Pace,2024,Waymo LLC,3.0,2154.0,Day,Intersection,Dry,35,Dark/Lighted,Clear,PC,No,0
2023-07-01,POD,CRUISE,AV,2023,Cruise,3.0,2166.0,Night,Street,Dry,25,Dark/Lighted,Clear,PC,No,4
2024-05-01,POD,JAGUAR,I-Pace,2024,Waymo LLC,3.0,2215.0,Night,Street,Dry,25,Daylight,Clear,PC,No,0
2023-04-01,POD,CRUISE,AV,2023,Cruise,3.0,2293.0,Night,Street,Dry,25,Dark/Lighted,Clear,PC,No,0
2021-08-01,POD,JAGUAR,I-Pace,2021,Waymo LLC,3.0,2466.0,Day,Intersection,Wet,25,Daylight,Clear,PC,No,0
2024-09-01,POD,JAGUAR,I-Pace,2024,Waymo LLC,3.0,2486.0,Day,Intersection,Wet,15,Dark/Not_Lighted,Cloudy/fog,PC,No,0
2021-08-01,POD,JAGUAR,I-Pace,2021,Waymo LLC,3.0,2500.0,Day,Street,Dry,30,Daylight,Cloudy/fog,HV,No,2
2022-04-01,POD,CRUISE,AV,2022,Cruise,3.0,2561.0,Day,Street,Dry,25,Dark/Lighted,Clear,PC,No,1
2024-09-01,POD,JAGUAR,I-Pace,2024,Waymo LLC,3.0,2573.0,Night,Street,Dry,20,Dark/Lighted,Clear,Object,No,0
2024-10-01,POD,JAGUAR,I-Pace,2024,Waymo LLC,3.0,2606.0,Day,Street,Dry,20,Dark/Lighted,Clear,PC,No,0
2024-05-01,POD,JAGUAR,I-Pace,2024,Waymo LLC,3.0,2619.0,Night,Street,Dry,25,Dark/Lighted,Clear,HV,No,0
2023-03-01,POD,CRUISE,AV,2023,Cruise,3.0,2660.0,Day,Intersection,Dry,25,Dark/Lighted,Clear,HV,No,0
2021-09-01,POD,JAGUAR,I-Pace,2021,Waymo LLC,3.0,2684.0,Day,Intersection,Dry,25,Daylight,Clear,PC,No,8
2023-03-01,POD,CRUISE,AV,2022,Cruise,3.0,2733.0,Day,Street,Wet,20,Dark/Lighted,Snow/rain,PC,No,15
2023-07-01,POD,CRUISE,AV,2023,Cruise,3.0,2753.0,Day,Street,Dry,25,Daylight,Clear,PC,No,2
2023-06-01,POD,CRUISE,AV,2023,Cruise,3.0,2775.0,Night,Street,Dry,25,Dark/Lighted,Clear,PC,No,7
2023-08-01,Serious,CRUISE,AV,2023,Cruise,3.0,2798.0,Night,Intersection,Dry,20,Dark/Lighted,Clear,PC,No,13
2024-08-01,POD,JAGUAR,I-Pace,2024,Waymo LLC,3.0,2841.0,Day,Street,Dry,25,Daylight,Clear,HV,No,0
2024-09-01,POD,JAGUAR,I-Pace,2024,Waymo LLC,3.0,2935.0,Night,Street,Dry,35,Dark/Lighted,Clear,PC,No,0
2024-05-01,POD,JAGUAR,I-Pace,2021,Waymo LLC,3.0,2971.0,Night,Street,Dry,25,Dark/Lighted,Clear,HV,No,0
2024-08-01,POD,JAGUAR,I-Pace,2024,Waymo LLC,3.0,2972.0,Day,Street,Dry,25,Daylight,Clear,PC,No,0
2024-10-01,POD,JAGUAR,I-Pace,2024,Waymo LLC,3.0,3075.0,Night,Street,Dry,35,Dark/Lighted,Clear,PC,No,9
2024-10-01,POD,JAGUAR,I-Pace,2024,Waymo LLC,3.0,3089.0,Day,Intersection,Dry,25,Daylight,Cloudy/fog,HV,No,13
2022-12-01,POD,CRUISE,AV,2022,Cruise,3.0,3128.0,Night,Street,Wet,25,Dark/Lighted,Snow/rain,PC,No,19
2024-06-01,POD,JAGUAR,I-Pace,2024,Waymo LLC,3.0,3200.0,Day,Street,Dry,25,Dark/Not_Lighted,Clear,PC,No,2
2024-03-01,POD,JAGUAR,I-Pace,2024,Waymo LLC,3.0,3222.0,Night,Intersection,Wet,10,Dark/Lighted,Snow/rain,PC,No,0
2024-08-01,POD,JAGUAR,I-Pace,2024,Waymo LLC,3.0,3227.0,Night,Street,Dry,25,Dark/Lighted,Clear,PC,No,4
2023-08-01,POD,CRUISE,AV,2023,Cruise,3.0,3240.0,Day,Intersection,Dry,25,Dark/Lighted,Cloudy/fog,PC,No,13
2024-10-01,POD,JAGUAR,I-Pace,2024,Waymo LLC,3.0,3252.0,Day,Street,Dry,25,Daylight,Clear,PC,No,0
2022-09-01,POD,CRUISE,AV,2022,Cruise,3.0,3341.0,Day,Street,Dry,25,Dark/Lighted,Clear,PC,No,0
2024-03-01,Minor,JAGUAR,I-Pace,2024,Waymo LLC,3.0,3344.0,Day,Street,Dry,25,Daylight,Cloudy/fog,PC,No,22
2024-03-01,POD,JAGUAR,I-Pace,2024,Waymo LLC,3.0,3382.0,Day,Street,Wet,25,Dark/Lighted,Cloudy/fog,PC,No,0
2023-08-01,POD,CRUISE,AV,2023,Cruise,3.0,3397.0,Day,Intersection,Dry,25,Daylight,Clear,HV,No,0
2023-06-01,POD,CRUISE,AV,2023,Cruise,3.0,3413.0,Day,Street,Dry,25,Dark/Lighted,Clear,PC,No,1
2023-07-01,POD,CRUISE,AV,2023,Cruise,3.0,3526.0,Day,Street,Dry,25,Dark/Lighted,Clear,PC,No,6
2024-09-01,POD,JAGUAR,I-Pace,2024,Waymo LLC,3.0,3594.0,Day,Street,Dry,30,Daylight,Clear,PC,No,0
2023-03-01,POD,CRUISE,AV,2023,Cruise,3.0,3604.0,Day,Street,Dry,20,Daylight,Clear,HV,No,10
2024-03-01,POD,JAGUAR,I-Pace,2024,Waymo LLC,3.0,3714.0,Day,Street,Dry,25,Daylight,Clear,PC,No,0
2024-08-01,POD,JAGUAR,I-Pace,2024,Waymo LLC,3.0,3738.0,Day,Street,Dry,25,Dark/Lighted,Clear,PC,No,0
2023-05-01,Minor,CRUISE,AV,2022,Cruise,3.0,3738.0,Night,Street,Dry,25,Dark/Lighted,Clear,PC,No,15
2024-05-01,POD,JAGUAR,I-Pace,2024,Waymo LLC,3.0,3754.0,Night,Intersection,Dry,25,Dark/Lighted,Clear,PC,No,9
2023-03-01,Minor,CRUISE,AV,2023,Cruise,3.0,3904.0,Day,Intersection,Dry,35,Daylight,Clear,PC,Yes,6
2023-06-01,POD,CRUISE,AV,2023,Cruise,3.0,4103.0,Night,Street,Dry,25,Dark/Lighted,Clear,PC,No,6
2023-09-01,POD,CRUISE,AV,2022,Cruise,3.0,4110.0,Day,Street,Dry,25,Daylight,Clear,HV,No,0
2023-04-01,POD,CRUISE,AV,2023,Cruise,3.0,4131.0,Day,Street,Dry,25,Dark/Lighted,Clear,PC,No,9
2023-03-01,POD,CRUISE,AV,2023,Cruise,3.0,4160.0,Night,Street,Dry,30,Dark/Lighted,Clear,PC,No,0
2024-07-01,POD,JAGUAR,I-Pace,2024,Waymo LLC,3.0,4329.0,Day,Street,Dry,40,Daylight,Cloudy/fog,PC,No,0
2023-07-01,POD,CRUISE,AV,2023,Cruise,3.0,4336.0,Night,Street,Dry,25,Dark/Lighted,Clear,PC,No,1
2023-02-01,POD,CRUISE,AV,2022,Cruise,3.0,4362.0,Day,Street,Dry,25,Dark/Lighted,Clear,HV,No,0
2023-02-01,POD,CRUISE,AV,2022,Cruise,3.0,4632.0,Day,Street,Dry,25,Dark/Lighted,Clear,HV,No,0
2023-07-01,POD,CRUISE,AV,2023,Cruise,3.0,4707.0,Day,Intersection,Dry,25,Daylight,Clear,PC,No,10
2021-11-01,POD,JAGUAR,I-Pace,2021,Waymo LLC,3.0,4737.0,Day,Street,Dry,25,Daylight,Clear,PC,No,0
2023-04-01,POD,CRUISE,AV,2022,Cruise,3.0,4743.0,Day,Street,Dry,25,Dark/Lighted,Clear,PC,No,0
2023-07-01,Minor,CRUISE,AV,2023,Cruise,3.0,4768.0,Night,Intersection,Dry,25,Dark/Lighted,Clear,PC,No,15
2023-03-01,POD,CRUISE,AV,2023,Cruise,3.0,4821.0,Day,Intersection,Dry,25,Dark/Lighted,Clear,PC,Yes,21
2024-09-01,POD,JAGUAR,I-Pace,2024,Waymo LLC,3.0,4911.0,Day,Street,Dry,20,Daylight,Clear,PC,No,0
2024-06-01,POD,JAGUAR,I-Pace,2024,Waymo LLC,3.0,5004.0,Day,Street,Dry,25,Dark/Lighted,Clear,PC,No,0
2023-10-01,Serious,CRUISE,AV,2023,Cruise,3.0,5091.0,Night,Intersection,Dry,25,Dark/Lighted,Clear,Pedestrian,No,14
2024-07-01,POD,JAGUAR,I-Pace,2024,Waymo LLC,3.0,5287.0,Day,Intersection,Dry,25,Daylight,Clear,PC,No,0
2022-03-01,POD,JAGUAR,I-Pace,2021,Waymo LLC,3.0,5356.0,Day,Intersection,Dry,25,Daylight,Clear,PC,No,0
2023-07-01,POD,CRUISE,AV,2023,Cruise,3.0,5454.0,Day,Intersection,Dry,25,Daylight,Clear,PC,No,0
2021-08-01,POD,JAGUAR,I-Pace,2021,Waymo LLC,3.0,5471.0,Day,Intersection,Dry,25,Daylight,Clear,Object,No,1
2023-08-01,POD,CRUISE,AV,2023,Cruise,3.0,5564.0,Night,Intersection,Dry,25,Dark/Lighted,Clear,PC,No,0
2021-08-01,POD,JAGUAR,I-Pace,2021,Waymo LLC,3.0,5582.0,Day,Intersection,Dry,25,Daylight,Clear,PC,No,8
2024-06-01,Minor,JAGUAR,I-Pace,2024,Waymo LLC,3.0,5587.0,Day,Intersection,Dry,25,Daylight,Clear,PC,No,0
2023-04-01,POD,CRUISE,AV,2023,Cruise,3.0,5603.0,Day,Intersection,Dry,25,Dark/Lighted,Clear,PC,No,3
2024-10-01,POD,JAGUAR,I-Pace,2024,Waymo LLC,3.0,5632.0,Day,Street,Dry,45,Daylight,Clear,PC,No,0
2023-09-01,POD,CRUISE,AV,2023,Cruise,3.0,5634.0,Day,Intersection,Dry,30,Dark/Lighted,Clear,PC,Yes,3
2024-05-01,POD,JAGUAR,I-Pace,2024,Waymo LLC,3.0,5655.0,Night,Intersection,Dry,25,Dark/Lighted,Cloudy/fog,PC,No,16
2023-09-01,POD,CRUISE,AV,2023,Cruise,3.0,5690.0,Night,Intersection,Dry,25,Dark/Lighted,Clear,HV,No,10
2023-06-01,POD,CRUISE,AV,2023,Cruise,3.0,5697.0,Night,Street,Dry,25,Dark/Not_Lighted,Clear,HV,No,0
2023-07-01,POD,CRUISE,AV,2023,Cruise,3.0,5725.0,Day,Intersection,Dry,25,Dark/Lighted,Clear,PC,No,0
2023-10-01,POD,CRUISE,AV,2023,Cruise,3.0,5749.0,Night,Intersection,Wet,25,Dark/Lighted,Cloudy/fog,PC,No,22
2023-08-01,POD,CRUISE,AV,2023,Cruise,3.0,5904.0,Day,Intersection,Dry,25,Daylight,Clear,PC,No,5
2024-04-01,POD,JAGUAR,I-Pace,2024,Waymo LLC,3.0,5980.0,Night,Intersection,Dry,20,Daylight,Clear,PC,No,1
2023-08-01,POD,CRUISE,AV,2023,Cruise,3.0,6045.0,Day,Intersection,Dry,25,Dark/Not_Lighted,Clear,PC,No,0
2023-08-01,POD,CRUISE,AV,2023,Cruise,3.0,6133.0,Night,Intersection,Dry,25,Dark/Lighted,Clear,PC,No,8
2024-04-01,POD,JAGUAR,I-Pace,2024,Waymo LLC,3.0,6164.0,Day,Intersection,Dry,35,Daylight,Clear,PC,No,0
2024-04-01,POD,JAGUAR,I-Pace,2024,Waymo LLC,3.0,6169.0,Day,Street,Dry,15,Daylight,Cloudy/fog,PC,No,0
2024-09-01,POD,JAGUAR,I-Pace,2024,Waymo LLC,3.0,6193.0,Day,Street,Dry,25,Dark/Not_Lighted,Clear,HV,No,0
2024-09-01,POD,JAGUAR,I-Pace,2024,Waymo LLC,3.0,6205.0,Day,Street,Dry,15,Daylight,Clear,PC,No,0
2024-10-01,POD,JAGUAR,I-Pace,2024,Waymo LLC,3.0,6213.0,Day,Street,Dry,25,Daylight,Clear,PC,No,0
2024-09-01,POD,JAGUAR,I-Pace,2024,Waymo LLC,3.0,6237.0,Day,Street,Dry,35,Daylight,Clear,PC,No,0
2023-08-01,POD,CRUISE,AV,2023,Cruise,3.0,6270.0,Day,Street,Dry,25,Dark/Lighted,Clear,PC,No,5
2023-05-01,POD,CRUISE,AV,2023,Cruise,3.0,6367.0,Day,Street,Dry,25,Dark/Lighted,Clear,PC,No,8
2024-09-01,POD,JAGUAR,I-Pace,2024,Waymo LLC,3.0,6370.0,Day,Intersection,Dry,35,Daylight,Clear,PC,No,26
2023-08-01,POD,CRUISE,AV,2023,Cruise,3.0,6470.0,Night,Street,Dry,25,Dark/Lighted,Clear,PC,No,10
2024-08-01,POD,JAGUAR,I-Pace,2024,Waymo LLC,3.0,6495.0,Day,Intersection,Dry,15,Daylight,Clear,PC,No,0
2021-12-01,POD,JAGUAR,I-Pace,2021,Waymo LLC,3.0,6509.0,Day,Intersection,Dry,30,Daylight,Clear,PC,No,0
2024-06-01,POD,JAGUAR,I-Pace,2024,Waymo LLC,3.0,6594.0,Day,Street,Dry,25,Daylight,Clear,PC,No,0
2023-08-01,POD,CRUISE,AV,2023,Cruise,3.0,6636.0,Day,Street,Dry,25,Daylight,Clear,HV,No,0
2023-09-01,POD,CRUISE,AV,2023,Cruise,3.0,6661.0,Night,Street,Dry,30,Dark/Lighted,Clear,PC,No,0
2024-06-01,Moderate,CRUISE,AV,2023,Cruise,3.0,6808.0,Day,Street,Dry,35,Dark/Not_Lighted,Clear,PC,No,0
2023-08-01,POD,CRUISE,AV,2023,Cruise,3.0,6826.0,Day,Intersection,Dry,25,Daylight,Clear,PC,No,1
2024-10-01,POD,JAGUAR,I-Pace,2024,Waymo LLC,3.0,6852.0,Day,Street,Dry,35,Daylight,Cloudy/fog,PC,No,4
2024-05-01,POD,JAGUAR,I-Pace,2024,Waymo LLC,3.0,6858.0,Night,Street,Dry,35,Dark/Lighted,Cloudy/fog,PC,No,0
2023-09-01,POD,CRUISE,AV,2023,Cruise,3.0,6913.0,Night,Street,Dry,30,Dark/Lighted,Clear,PC,Yes,1
2023-07-01,POD,CRUISE,AV,2023,Cruise,3.0,7078.0,Night,Intersection,Dry,25,Dark/Not_Lighted,Clear,PC,Yes,20
2024-09-01,POD,JAGUAR,I-Pace,2024,Waymo LLC,3.0,7153.0,Night,Intersection,Dry,20,Dark/Lighted,Clear,PC,No,0
2024-07-01,POD,JAGUAR,I-Pace,2024,Waymo LLC,3.0,7345.0,Day,Street,Dry,25,Dark/Lighted,Clear,PC,No,0
2023-05-01,Minor,CRUISE,AV,2023,Cruise,3.0,7361.0,Day,Intersection,Dry,25,Daylight,Clear,PC,No,5
2023-08-01,POD,CRUISE,AV,2023,Cruise,3.0,7369.0,Night,Intersection,Dry,25,Dark/Lighted,Clear,HV,No,2
2023-08-01,POD,CRUISE,AV,2023,Cruise,3.0,7379.0,Night,Intersection,Dry,25,Dark/Lighted,Clear,HV,No,6
2024-09-01,POD,JAGUAR,I-Pace,2024,Waymo LLC,3.0,7539.0,Day,Street,Dry,25,Dark/Lighted,Clear,PC,No,0
2023-08-01,POD,CRUISE,AV,2023,Cruise,3.0,7593.0,Day,Street,Dry,25,Daylight,Cloudy/fog,HV,No,0
2024-09-01,POD,JAGUAR,I-Pace,2024,Waymo LLC,3.0,7630.0,Night,Street,Dry,25,Daylight,Clear,HV,No,0
2024-08-01,POD,JAGUAR,I-Pace,2024,Waymo LLC,3.0,7815.0,Day,Street,Dry,25,Daylight,Cloudy/fog,PC,No,0
2023-10-01,POD,CRUISE,AV,2023,Cruise,3.0,7929.0,Day,Street,Dry,25,Dark/Lighted,Clear,PC,No,5
2023-05-01,POD,CRUISE,AV,2023,Cruise,3.0,8032.0,Day,Street,Dry,25,Dark/Lighted,Clear,PC,No,0
2024-04-01,POD,JAGUAR,I-Pace,2024,Waymo LLC,3.0,8087.0,Night,Intersection,Dry,20,Daylight,Clear,PC,No,0
2024-07-01,POD,JAGUAR,I-Pace,2024,Waymo LLC,3.0,8190.0,Day,Street,Dry,25,Daylight,Clear,PC,No,0
2023-08-01,POD,CRUISE,AV,2023,Cruise,3.0,8236.0,Day,Intersection,Dry,25,Daylight,Clear,PC,No,0
2024-09-01,POD,JAGUAR,I-Pace,2024,Waymo LLC,3.0,8250.0,Day,Intersection,Dry,25,Dark/Lighted,Clear,HV,No,0
2021-09-01,POD,JAGUAR,I-Pace,2021,Waymo LLC,3.0,8379.0,Day,Street,Dry,25,Daylight,Clear,PC,No,0
2023-10-01,POD,CRUISE,AV,2023,Cruise,3.0,8449.0,Day,Street,Dry,25,Daylight,Clear,HV,No,0
2021-08-01,POD,JAGUAR,I-Pace,2021,Waymo LLC,3.0,8500.0,Day,Street,Dry,25,Daylight,Clear,PC,No,2
2024-05-01,POD,JAGUAR,I-Pace,2024,Waymo LLC,3.0,8535.0,Night,Intersection,Dry,25,Dark/Not_Lighted,Clear,PC,No,10
2022-02-01,POD,JAGUAR,I-Pace,2021,Waymo LLC,3.0,8570.0,Day,Intersection,Dry,25,Dark/Not_Lighted,Clear,Object,No,4
2022-09-01,Minor,CRUISE,AV,2022,Cruise,3.0,8598.0,Night,Street,Dry,25,Daylight,Clear,PC,No,7
2024-05-01,POD,JAGUAR,I-Pace,2024,Waymo LLC,3.0,8640.0,Day,Street,Dry,15,Daylight,Cloudy/fog,HV,No,0
2022-02-01,POD,JAGUAR,I-Pace,2021,Waymo LLC,3.0,8771.0,Day,Intersection,Dry,25,Dark/Lighted,Clear,PC,No,0
2024-07-01,POD,JAGUAR,I-Pace,2024,Waymo LLC,3.0,8816.0,Day,Street,Dry,30,Daylight,Clear,PC,No,0
2023-08-01,POD,CRUISE,AV,2023,Cruise,3.0,8883.0,Day,Street,Dry,25,Daylight,Cloudy/fog,PC,No,5
2023-08-01,Minor,CRUISE,AV,2023,Cruise,3.0,8917.0,Day,Street,Dry,25,Daylight,Clear,PC,No,5
2024-08-01,POD,JAGUAR,I-Pace,2024,Waymo LLC,3.0,8966.0,Day,Street,Dry,15,Daylight,Clear,PC,No,0
2023-08-01,POD,CRUISE,AV,2023,Cruise,3.0,8990.0,Day,Intersection,Dry,25,Dark/Lighted,Clear,PC,No,0
2024-07-01,POD,JAGUAR,I-Pace,2024,Waymo LLC,3.0,9047.0,Day,Street,Dry,25,Daylight,Clear,PC,No,0
2023-07-01,POD,CRUISE,AV,2023,Cruise,3.0,9111.0,Day,Intersection,Dry,25,Dark/Lighted,Clear,PC,No,22
2024-03-01,POD,JAGUAR,I-Pace,2024,Waymo LLC,3.0,9139.0,Day,Intersection,Dry,25,Daylight,Clear,PC,No,2
2023-07-01,POD,CRUISE,AV,2023,Cruise,3.0,9249.0,Day,Street,Dry,25,Dark/Lighted,Clear,PC,No,23
2022-04-01,POD,JAGUAR,I-Pace,2021,Waymo LLC,3.0,9310.0,Day,Street,Dry,25,Dark/Lighted,Clear,PC,No,9
2023-04-01,POD,CRUISE,AV,2022,Cruise,3.0,9482.0,Night,Intersection,Dry,25,Dark/Lighted,Clear,PC,No,4
2023-09-01,POD,CRUISE,AV,2023,Cruise,3.0,9518.0,Night,Intersection,Dry,30,Dark/Lighted,Clear,PC,No,24
2024-07-01,POD,JAGUAR,I-Pace,2024,Waymo LLC,3.0,9670.0,Night,Street,Dry,25,Dark/Lighted,Cloudy/fog,PC,No,0
2023-06-01,POD,CRUISE,AV,2022,Cruise,3.0,9700.0,Night,Street,Dry,25,Dark/Lighted,Clear,PC,No,0
2024-08-01,POD,JAGUAR,I-Pace,2024,Waymo LLC,3.0,9736.0,Day,Street,Dry,15,Daylight,Clear,Object,No,2
2021-10-01,POD,JAGUAR,I-Pace,2021,Waymo LLC,3.0,9739.0,Night,Intersection,Dry,25,Dark/Lighted,Clear,HV,No,0
2021-11-01,POD,JAGUAR,I-Pace,2021,Waymo LLC,3.0,9742.0,Day,Intersection,Dry,25,Dark/Lighted,Clear,PC,No,0
2024-07-01,POD,JAGUAR,I-Pace,2024,Waymo LLC,3.0,9894.0,Day,Street,Dry,20,Daylight,Clear,PC,No,0
2023-08-01,POD,CRUISE,AV,2023,Cruise,3.0,9901.0,Day,Street,Dry,25,Daylight,Cloudy/fog,PC,No,8
2023-09-01,POD,CRUISE,AV,2023,Cruise,3.0,9942.0,Day,Intersection,Dry,25,Daylight,Clear,PC,No,3
2022-02-01,POD,JAGUAR,I-Pace,2021,Waymo LLC,3.0,9960.0,Day,Street,Dry,25,Daylight,Clear,PC,No,0
2024-05-01,POD,JAGUAR,I-Pace,2024,Waymo LLC,3.0,9992.0,Day,Street,Dry,25,Dark/Lighted,Clear,PC,No,0
2022-03-01,Serious,CRUISE,AV,2022,Cruise,3.0,10025.0,Day,Street,Dry,30,Daylight,Cloudy/fog,Object,No,4
2023-06-01,POD,CRUISE,AV,2023,Cruise,3.0,10055.0,Night,Street,Dry,25,Dark/Lighted,Clear,PC,No,1
2024-03-01,POD,JAGUAR,I-Pace,2024,Waymo LLC,3.0,10257.0,Night,Street,Dry,45,Dark/Lighted,Clear,PC,No,12
2024-10-01,POD,JAGUAR,I-Pace,2024,Waymo LLC,3.0,10330.0,Night,Street,Dry,45,Dark/Lighted,Clear,PC,No,0
2023-08-01,POD,CRUISE,AV,2023,Cruise,3.0,10356.0,Day,Intersection,Dry,25,Daylight,Clear,HV,No,0
2022-08-01,POD,JAGUAR,I-Pace,2021,Waymo LLC,3.0,10537.0,Day,Intersection,Dry,25,Dark/Lighted,Clear,PC,No,2
2023-08-01,Moderate,CRUISE,AV,2022,Cruise,3.0,10541.0,Day,Intersection,Dry,25,Dark/Lighted,Clear,Pedestrian,No,1
2023-09-01,POD,CRUISE,AV,2023,Cruise,3.0,10564.0,Night,Street,Dry,25,Dark/Lighted,Clear,PC,No,6
2022-04-01,POD,JAGUAR,I-Pace,2021,Waymo LLC,3.0,10576.0,Day,Intersection,Dry,30,Dark/Lighted,Clear,PC,No,20
2023-10-01,POD,CRUISE,AV,2023,Cruise,3.0,10601.0,Day,Intersection,Dry,25,Dark/Lighted,Clear,PC,No,0
2021-11-01,POD,JAGUAR,I-Pace,2021,Waymo LLC,3.0,10606.0,Day,Intersection,Dry,25,Daylight,Cloudy/fog,PC,No,0
2024-06-01,POD,JAGUAR,I-Pace,2024,Waymo LLC,3.0,10618.0,Day,Street,Dry,25,Daylight,Cloudy/fog,PC,No,3
2024-04-01,POD,JAGUAR,I-Pace,2021,Waymo LLC,3.0,10703.0,Night,Street,Dry,15,Daylight,Clear,Object,No,5
2021-10-01,POD,JAGUAR,I-Pace,2021,Waymo LLC,3.0,10779.0,Day,Intersection,Dry,30,Daylight,Clear,PC,No,0
2024-05-01,POD,JAGUAR,I-Pace,2024,Waymo LLC,3.0,10820.0,Day,Street,Dry,10,Daylight,Clear,PC,No,2
2024-05-01,POD,JAGUAR,I-Pace,2024,Waymo LLC,3.0,10931.0,Day,Street,Dry,25,Daylight,Clear,PC,No,3
2024-10-01,POD,JAGUAR,I-Pace,2024,Waymo LLC,3.0,10933.0,Day,Street,Dry,25,Daylight,Clear,PC,No,0
2024-07-01,POD,JAGUAR,I-Pace,2024,Waymo LLC,3.0,11036.0,Day,Street,Dry,25,Daylight,Cloudy/fog,PC,No,0
2023-09-01,POD,CRUISE,AV,2023,Cruise,3.0,11074.0,Day,Intersection,Dry,25,Dark/Lighted,Clear,PC,No,2
2023-09-01,POD,CRUISE,AV,2023,Cruise,3.0,11107.0,Night,Intersection,Dry,30,Dark/Lighted,Clear,PC,No,25
2024-07-01,POD,JAGUAR,I-Pace,2024,Waymo LLC,3.0,11124.0,Day,Intersection,Dry,25,Daylight,Clear,PC,No,0
2024-05-01,POD,JAGUAR,I-Pace,2024,Waymo LLC,3.0,11224.0,Day,Intersection,Dry,20,Daylight,Clear,PC,No,0
2023-09-01,POD,CRUISE,AV,2023,Cruise,3.0,11234.0,Day,Intersection,Dry,25,Daylight,Clear,PC,No,8
2021-10-01,POD,JAGUAR,I-Pace,2021,Waymo LLC,3.0,11323.0,Day,Intersection,Dry,35,Daylight,Clear,PC,No,1
2023-09-01,POD,CRUISE,AV,2023,Cruise,3.0,11338.0,Day,Street,Dry,25,Daylight,Clear,HV,No,0
2022-03-01,POD,JAGUAR,I-Pace,2021,Waymo LLC,3.0,11506.0,Day,Intersection,Dry,25,Daylight,Clear,PC,No,3
2024-10-01,POD,JAGUAR,I-Pace,2024,Waymo LLC,3.0,11543.0,Day,Street,Dry,25,Daylight,Clear,PC,No,0
2024-07-01,POD,JAGUAR,I-Pace,2024,Waymo LLC,3.0,11567.0,Day,Street,Dry,25,Daylight,Clear,PC,No,9
2021-09-01,POD,JAGUAR,I-Pace,2021,Waymo LLC,3.0,11571.0,Day,Intersection,Dry,25,Daylight,Clear,PC,No,0
2024-11-01,POD,JAGUAR,I-Pace,2024,Waymo LLC,3.0,11592.0,Day,Intersection,Dry,40,Daylight,Clear,PC,No,0
2022-04-01,POD,JAGUAR,I-Pace,2021,Waymo LLC,3.0,11655.0,Day,Street,Dry,30,Daylight,Clear,PC,No,0
2021-11-01,POD,JAGUAR,I-Pace,2021,Waymo LLC,3.0,11661.0,Day,Intersection,Dry,25,Dark/Lighted,Clear,PC,No,0
2024-09-01,POD,JAGUAR,I-Pace,2024,Waymo LLC,3.0,11714.0,Day,Intersection,Dry,25,Daylight,Cloudy/fog,PC,No,0
2021-11-01,POD,JAGUAR,I-Pace,2021,Waymo LLC,3.0,11749.0,Day,Intersection,Dry,25,Daylight,Clear,PC,No,0
2022-07-01,Minor,JAGUAR,I-Pace,2021,Waymo LLC,3.0,11919.0,Day,Intersection,Dry,35,Daylight,Clear,PC,No,13
2024-10-01,POD,JAGUAR,I-Pace,2024,Waymo LLC,3.0,12063.0,Day,Intersection,Dry,25,Dark/Lighted,Clear,HV,No,0
2023-10-01,POD,CRUISE,AV,2023,Cruise,3.0,12092.0,Night,Intersection,Dry,25,Dark/Lighted,Clear,PC,No,0
2024-10-01,POD,JAGUAR,I-Pace,2024,Waymo LLC,3.0,12096.0,Day,Street,Dry,25,Daylight,Clear,PC,No,0
2024-06-01,POD,JAGUAR,I-Pace,2024,Waymo LLC,3.0,12239.0,Day,Intersection,Dry,35,Daylight,Clear,PC,No,22
2022-01-01,POD,JAGUAR,I-Pace,2021,Waymo LLC,3.0,12241.0,Night,Intersection,Dry,25,Dark/Lighted,Clear,PC,No,1
2024-09-01,POD,JAGUAR,I-Pace,2024,Waymo LLC,3.0,12419.0,Day,Street,Dry,25,Dark/Lighted,Clear,PC,No,0
2023-08-01,POD,CRUISE,AV,2023,Cruise,3.0,12454.0,Day,Street,Dry,25,Daylight,Clear,PC,No,0
2023-07-01,POD,CRUISE,AV,2022,Cruise,3.0,12525.0,Night,Intersection,Dry,25,Dark/Lighted,Clear,PC,No,2
2023-10-01,POD,CRUISE,AV,2023,Cruise,3.0,12551.0,Day,Intersection,Dry,25,Dark/Lighted,Clear,PC,No,0
2022-08-01,Minor,CRUISE,AV,2020,Cruise,3.0,12595.0,Day,Street,Dry,25,Dark/Lighted,Clear,PC,No,0
2023-05-01,POD,CRUISE,AV,2022,Cruise,3.0,12624.0,Night,Street,Dry,25,Dark/Lighted,Clear,PC,No,0
2023-09-01,POD,CRUISE,AV,2023,Cruise,3.0,12955.0,Day,Street,Dry,25,Dark/Lighted,Clear,HV,No,1
2021-11-01,POD,JAGUAR,I-Pace,2021,Waymo LLC,3.0,13034.0,Night,Intersection,Dry,25,Dark/Lighted,Clear,PC,No,0
2021-10-01,POD,JAGUAR,I-Pace,2021,Waymo LLC,3.0,13485.0,Day,Intersection,Dry,25,Daylight,Clear,PC,No,7
2021-10-01,POD,JAGUAR,I-Pace,2021,Waymo LLC,3.0,13541.0,Night,Street,Dry,25,Dark/Not_Lighted,Clear,PC,No,0
2024-09-01,POD,JAGUAR,I-Pace,2024,Waymo LLC,3.0,13591.0,Day,Street,Dry,20,Dark/Lighted,Clear,PC,No,0
2024-10-01,POD,JAGUAR,I-Pace,2024,Waymo LLC,3.0,13635.0,Day,Street,Dry,25,Daylight,Clear,PC,No,0
2024-10-01,POD,JAGUAR,I-Pace,2024,Waymo LLC,3.0,13701.0,Day,Street,Dry,40,Daylight,Cloudy/fog,PC,No,36
2023-07-01,POD,CRUISE,AV,2023,Cruise,3.0,13720.0,Night,Intersection,Dry,25,Dark/Lighted,Clear,PC,No,1
2024-09-01,POD,JAGUAR,I-Pace,2024,Waymo LLC,3.0,13750.0,Day,Street,Dry,20,Daylight,Cloudy/fog,PC,No,0
2024-10-01,POD,JAGUAR,I-Pace,2024,Waymo LLC,3.0,13770.0,Day,Street,Dry,20,Daylight,Clear,PC,No,0
2022-02-01,POD,JAGUAR,I-Pace,2021,Waymo LLC,3.0,13801.0,Day,Intersection,Dry,25,Daylight,Clear,PC,No,0
2024-06-01,Moderate,JAGUAR,I-Pace,2024,Waymo LLC,3.0,13931.0,Night,Intersection,Dry,25,Dark/Lighted,Clear,PC,No,1
2024-11-01,POD,JAGUAR,I-Pace,2024,Waymo LLC,3.0,14216.0,Night,Street,Dry,25,Dark/Lighted,Clear,PC,No,0
2023-08-01,POD,JAGUAR,I-Pace,2021,Waymo LLC,3.0,14314.0,Day,Intersection,Dry,25,Daylight,Clear,PC,No,1
2023-07-01,POD,CRUISE,AV,2022,Cruise,3.0,14337.0,Day,Intersection,Dry,25,Dark/Lighted,Clear,PC,Yes,0
2024-08-01,POD,JAGUAR,I-Pace,2024,Waymo LLC,3.0,14358.0,Night,Intersection,Dry,25,Dark/Lighted,Clear,HV,No,0
2024-09-01,POD,JAGUAR,I-Pace,2024,Waymo LLC,3.0,14398.0,Day,Street,Dry,25,Daylight,Cloudy/fog,PC,No,0
2024-06-01,POD,JAGUAR,I-Pace,2024,Waymo LLC,3.0,14415.0,Night,Intersection,Dry,35,Dark/Lighted,Clear,PC,No,35
2021-12-01,POD,JAGUAR,I-Pace,2021,Waymo LLC,3.0,14451.0,Day,Intersection,Dry,25,Daylight,Cloudy/fog,PC,No,0
2024-09-01,POD,JAGUAR,I-Pace,2024,Waymo LLC,3.0,14604.0,Day,Street,Dry,35,Daylight,Clear,PC,No,9
2022-05-01,POD,JAGUAR,I-Pace,2021,Waymo LLC,3.0,14770.0,Day,Intersection,Dry,25,Daylight,Clear,PC,No,1
2023-10-01,POD,CRUISE,AV,2023,Cruise,3.0,14784.0,Day,Street,Dry,25,Daylight,Clear,HV,No,0
2024-08-01,POD,JAGUAR,I-Pace,2024,Waymo LLC,3.0,14832.0,Day,Street,Dry,15,Daylight,Clear,PC,No,0
2024-05-01,POD,JAGUAR,I-Pace,2024,Waymo LLC,3.0,14933.0,Day,Street,Dry,15,Daylight,Clear,Object,No,8
2023-10-01,Moderate,CRUISE,AV,2023,Cruise,3.0,15003.0,Night,Street,Dry,25,Dark/Lighted,Clear,PC,No,2
2024-10-01,POD,JAGUAR,I-Pace,2024,Waymo LLC,3.0,15584.0,Day,Intersection,Dry,25,Daylight,Clear,PC,No,15
2024-11-01,POD,JAGUAR,I-Pace,2024,Waymo LLC,3.0,15636.0,Day,Street,Dry,25,Daylight,Clear,PC,No,0
2024-06-01,POD,JAGUAR,I-Pace,2024,Waymo LLC,3.0,15644.0,Day,Street,Dry,25,Daylight,Clear,PC,No,0
2024-06-01,POD,JAGUAR,I-Pace,2024,Waymo LLC,3.0,15703.0,Night,Intersection,Dry,25,Daylight,Clear,PC,No,3
2024-06-01,POD,JAGUAR,I-Pace,2024,Waymo LLC,3.0,16368.0,Day,Street,Dry,25,Daylight,Clear,PC,No,0
2022-05-01,POD,JAGUAR,I-Pace,2021,Waymo LLC,3.0,16393.0,Day,Intersection,Dry,35,Daylight,Clear,PC,No,0
2024-08-01,Minor,JAGUAR,I-Pace,2024,Waymo LLC,3.0,16532.0,Day,Street,Dry,25,Daylight,Clear,Object,No,0
2024-08-01,POD,JAGUAR,I-Pace,2024,Waymo LLC,3.0,16788.0,Night,Street,Dry,25,Dark/Not_Lighted,Cloudy/fog,PC,No,0
2022-02-01,POD,JAGUAR,I-Pace,2021,Waymo LLC,3.0,16818.0,Night,Intersection,Dry,35,Dark/Lighted,Clear,PC,No,0
2022-05-01,POD,JAGUAR,I-Pace,2021,Waymo LLC,3.0,16836.0,Day,Intersection,Dry,25,Dark/Lighted,Clear,PC,No,0
2023-02-01,POD,JAGUAR,I-Pace,2021,Waymo LLC,3.0,16847.0,Day,Intersection,Wet,25,Dark/Lighted,Snow/rain,PC,No,14
2022-04-01,POD,JAGUAR,I-Pace,2021,Waymo LLC,3.0,17179.0,Night,Intersection,Dry,30,Daylight,Clear,PC,No,3
2022-08-01,POD,JAGUAR,I-Pace,2021,Waymo LLC,3.0,17214.0,Night,Street,Dry,25,Daylight,Clear,PC,No,0
2022-02-01,POD,JAGUAR,I-Pace,2021,Waymo LLC,3.0,17237.0,Day,Intersection,Dry,25,Daylight,Clear,PC,No,0
2024-07-01,POD,JAGUAR,I-Pace,2024,Waymo LLC,3.0,17265.0,Night,Intersection,Dry,25,Dark/Not_Lighted,Cloudy/fog,PC,Yes,1
2024-10-01,POD,JAGUAR,I-Pace,2024,Waymo LLC,3.0,17354.0,Day,Street,Dry,15,Daylight,Clear,PC,No,0
2021-12-01,POD,JAGUAR,I-Pace,2021,Waymo LLC,3.0,17392.0,Day,Street,Dry,25,Daylight,Clear,PC,No,8
2023-08-01,POD,CRUISE,AV,2022,Cruise,3.0,17832.0,Day,Street,Dry,25,Daylight,Clear,PC,No,1
2021-12-01,POD,JAGUAR,I-Pace,2021,Waymo LLC,3.0,17989.0,Day,Intersection,Dry,30,Daylight,Clear,PC,No,0
2024-10-01,POD,JAGUAR,I-Pace,2024,Waymo LLC,3.0,18027.0,Night,Street,Dry,20,Dark/Lighted,Clear,PC,No,6
2022-06-01,POD,JAGUAR,I-Pace,2021,Waymo LLC,3.0,18090.0,Day,Intersection,Dry,25,Daylight,Clear,PC,No,0
2024-10-01,POD,JAGUAR,I-Pace,2024,Waymo LLC,3.0,18194.0,Day,Intersection,Dry,25,Daylight,Clear,PC,No,0
2022-01-01,POD,JAGUAR,I-Pace,2021,Waymo LLC,3.0,18214.0,Day,Intersection,Dry,25,Dark/Lighted,Clear,PC,No,4
2022-04-01,POD,JAGUAR,I-Pace,2021,Waymo LLC,3.0,18215.0,Night,Intersection,Dry,25,Dark/Not_Lighted,Clear,PC,No,0
2024-09-01,POD,JAGUAR,I-Pace,2024,Waymo LLC,3.0,18249.0,Day,Street,Dry,25,Daylight,Clear,PC,No,20
2022-03-01,POD,JAGUAR,I-Pace,2021,Waymo LLC,3.0,18510.0,Night,Intersection,Dry,35,Dark/Lighted,Clear,PC,No,0
2024-10-01,POD,JAGUAR,I-Pace,2024,Waymo LLC,3.0,18646.0,Day,Street,Dry,35,Daylight,Cloudy/fog,PC,No,0
2024-10-01,POD,JAGUAR,I-Pace,2024,Waymo LLC,3.0,18721.0,Day,Street,Dry,25,Daylight,Clear,PC,No,0
2024-10-01,POD,JAGUAR,I-Pace,2024,Waymo LLC,3.0,18738.0,Day,Street,Dry,25,Daylight,Clear,HV,No,1
2023-10-01,POD,CRUISE,AV,2022,Cruise,3.0,18768.0,Day,Intersection,Dry,15,Dark/Lighted,Clear,PC,No,12
2024-07-01,POD,JAGUAR,I-Pace,2024,Waymo LLC,3.0,18992.0,Day,Street,Dry,40,Daylight,Clear,PC,No,2
2024-07-01,POD,JAGUAR,I-Pace,2024,Waymo LLC,3.0,18994.0,Day,Street,Dry,35,Daylight,Clear,HV,No,1
2024-07-01,POD,JAGUAR,I-Pace,2024,Waymo LLC,3.0,19267.0,Night,Street,Dry,20,Dark/Lighted,Clear,PC,No,2
2022-01-01,POD,JAGUAR,I-Pace,2021,Waymo LLC,3.0,19453.0,Day,Intersection,Dry,25,Daylight,Clear,PC,No,0
2022-01-01,POD,JAGUAR,I-Pace,2021,Waymo LLC,3.0,19509.0,Day,Intersection,Dry,35,Daylight,Clear,HV,No,0
2023-05-01,Minor,CRUISE,AV,2022,Cruise,3.0,19560.0,Day,Intersection,Dry,30,Dark/Lighted,Clear,Object,No,7
2022-04-01,POD,JAGUAR,I-Pace,2021,Waymo LLC,3.0,19635.0,Day,Intersection,Dry,25,Daylight,Clear,PC,No,0
2024-08-01,POD,JAGUAR,I-Pace,2024,Waymo LLC,3.0,20049.0,Day,Street,Dry,25,Daylight,Cloudy/fog,PC,No,23
2022-04-01,Minor,JAGUAR,I-Pace,2021,Waymo LLC,3.0,20050.0,Day,Intersection,Dry,35,Daylight,Clear,PC,No,0
2022-12-01,POD,JAGUAR,I-Pace,2021,Waymo LLC,3.0,20087.0,Day,Intersection,Dry,30,Daylight,Clear,PC,No,0
2024-09-01,Minor,JAGUAR,I-Pace,2024,Waymo LLC,3.0,20216.0,Day,Street,Dry,50,Daylight,Cloudy/fog,PC,No,44
2024-11-01,POD,JAGUAR,I-Pace,2024,Waymo LLC,3.0,20342.0,Night,Street,Dry,20,Dark/Lighted,Clear,PC,No,0
2024-09-01,POD,JAGUAR,I-Pace,2024,Waymo LLC,3.0,20546.0,Night,Street,Dry,15,Daylight,Cloudy/fog,PC,No,0
2022-01-01,POD,JAGUAR,I-Pace,2021,Waymo LLC,3.0,20556.0,Day,Intersection,Dry,25,Dark/Not_Lighted,Clear,PC,Yes,11
2024-10-01,POD,JAGUAR,I-Pace,2024,Waymo LLC,3.0,20994.0,Day,Street,Dry,25,Daylight,Clear,PC,No,0
2024-04-01,POD,JAGUAR,I-Pace,2024,Waymo LLC,3.0,21238.0,Day,Intersection,Dry,25,Daylight,Cloudy/fog,HV,No,0
2024-09-01,POD,JAGUAR,I-Pace,2024,Waymo LLC,3.0,21265.0,Night,Intersection,Dry,20,Dark/Lighted,Clear,PC,No,0
2022-02-01,POD,JAGUAR,I-Pace,2021,Waymo LLC,3.0,21701.0,Day,Intersection,Dry,25,Daylight,Clear,PC,No,1
2022-04-01,POD,JAGUAR,I-Pace,2021,Waymo LLC,3.0,21755.0,Night,Street,Dry,25,Dark/Lighted,Clear,Object,No,24
2022-09-01,POD,JAGUAR,I-Pace,2021,Waymo LLC,3.0,21860.0,Day,Intersection,Dry,5,Daylight,Clear,PC,No,0
2022-07-01,POD,JAGUAR,I-Pace,2021,Waymo LLC,3.0,21943.0,Day,Street,Dry,15,Daylight,Clear,HV,No,0
2022-11-01,POD,JAGUAR,I-Pace,2021,Waymo LLC,3.0,21957.0,Day,Street,Dry,25,Daylight,Cloudy/fog,PC,No,2
2024-08-01,POD,JAGUAR,I-Pace,2024,Waymo LLC,3.0,22069.0,Day,Street,Dry,30,Daylight,Clear,PC,No,0
2024-08-01,POD,JAGUAR,I-Pace,2024,Waymo LLC,3.0,22183.0,Day,Street,Dry,25,Daylight,Cloudy/fog,PC,No,1
2024-08-01,POD,JAGUAR,I-Pace,2024,Waymo LLC,3.0,22225.0,Day,Street,Dry,20,Dark/Lighted,Clear,PC,No,0
2022-08-01,POD,JAGUAR,I-Pace,2021,Waymo LLC,3.0,22657.0,Day,Intersection,Dry,25,Daylight,Clear,PC,No,0
2024-10-01,POD,JAGUAR,I-Pace,2024,Waymo LLC,3.0,22734.0,Day,Street,Dry,35,Daylight,Cloudy/fog,PC,No,15
2023-09-01,POD,JAGUAR,I-Pace,2021,Waymo LLC,3.0,22784.0,Night,Street,Dry,25,Dark/Lighted,Cloudy/fog,PC,No,0
2023-01-01,POD,JAGUAR,I-Pace,2021,Waymo LLC,3.0,22980.0,Day,Intersection,Dry,35,Daylight,Clear,PC,No,34
2023-01-01,POD,JAGUAR,I-Pace,2021,Waymo LLC,3.0,22991.0,Day,Intersection,Dry,35,Daylight,Clear,PC,No,34
2022-07-01,POD,JAGUAR,I-Pace,2021,Waymo LLC,3.0,23192.0,Day,Intersection,Dry,25,Daylight,Clear,PC,No,3
2024-10-01,POD,JAGUAR,I-Pace,2024,Waymo LLC,3.0,23423.0,Night,Street,Dry,25,Dark/Lighted,Cloudy/fog,PC,No,0
2024-10-01,POD,JAGUAR,I-Pace,2024,Waymo LLC,3.0,23444.0,Day,Intersection,Dry,35,Dark/Lighted,Clear,PC,No,0
2023-02-01,POD,JAGUAR,I-Pace,2021,Waymo LLC,3.0,23606.0,Day,Intersection,Dry,25,Daylight,Clear,HV,No,0
2024-08-01,POD,JAGUAR,I-Pace,2024,Waymo LLC,3.0,23613.0,Night,Street,Dry,25,Dark/Lighted,Cloudy/fog,Object,No,12
2024-09-01,POD,JAGUAR,I-Pace,2024,Waymo LLC,3.0,23617.0,Night,Street,Dry,25,Daylight,Clear,PC,No,0
2022-07-01,Minor,JAGUAR,I-Pace,2021,Waymo LLC,3.0,23628.0,Day,Intersection,Dry,30,Daylight,Clear,PC,No,0
2022-09-01,POD,JAGUAR,I-Pace,2021,Waymo LLC,3.0,24086.0,Day,Intersection,Dry,25,Dark/Not_Lighted,Clear,PC,No,0
2022-06-01,POD,JAGUAR,I-Pace,2021,Waymo LLC,3.0,24352.0,Day,Street,Wet,25,Daylight,Snow/rain,PC,No,0
2024-08-01,POD,JAGUAR,I-Pace,2024,Waymo LLC,3.0,24657.0,Day,Street,Dry,25,Daylight,Clear,PC,No,0
2022-01-01,POD,JAGUAR,I-Pace,2021,Waymo LLC,3.0,25141.0,Day,Intersection,Dry,25,Dark/Lighted,Clear,PC,No,2
2024-03-01,POD,JAGUAR,I-Pace,2021,Waymo LLC,3.0,25288.0,Night,Street,Dry,25,Daylight,Clear,PC,No,2
2022-03-01,POD,JAGUAR,I-Pace,2021,Waymo LLC,3.0,25407.0,Day,Intersection,Dry,30,Dark/Lighted,Clear,PC,No,9
2024-10-01,POD,JAGUAR,I-Pace,2024,Waymo LLC,3.0,25427.0,Day,Street,Dry,25,Daylight,Clear,PC,No,8
2024-09-01,POD,JAGUAR,I-Pace,2024,Waymo LLC,3.0,25607.0,Night,Street,Dry,25,Daylight,Clear,HV,No,0
2022-05-01,POD,JAGUAR,I-Pace,2021,Waymo LLC,3.0,25651.0,Day,Intersection,Dry,25,Daylight,Clear,PC,No,0
2024-06-01,POD,JAGUAR,I-Pace,2024,Waymo LLC,3.0,25710.0,Day,Street,Dry,15,Daylight,Clear,PC,No,0
2022-03-01,POD,JAGUAR,I-Pace,2021,Waymo LLC,3.0,25713.0,Day,Intersection,Dry,25,Daylight,Clear,PC,No,4
2024-10-01,POD,JAGUAR,I-Pace,2021,Waymo LLC,3.0,25754.0,Night,Intersection,Dry,20,Dark/Lighted,Clear,PC,No,0
2024-07-01,POD,JAGUAR,I-Pace,2024,Waymo LLC,3.0,25984.0,Day,Street,Dry,5,Daylight,Clear,PC,No,0
2024-07-01,POD,JAGUAR,I-Pace,2024,Waymo LLC,3.0,26111.0,Day,Street,Dry,15,Daylight,Clear,PC,No,0
2022-06-01,Minor,CRUISE,AV,2020,Cruise,3.0,26404.0,Day,Street,Dry,25,Daylight,Clear,Object,No,19
2022-06-01,POD,JAGUAR,I-Pace,2021,Waymo LLC,3.0,26479.0,Day,Street,Dry,25,Daylight,Clear,PC,No,9
2023-01-01,POD,JAGUAR,I-Pace,2021,Waymo LLC,3.0,26717.0,Day,Street,Dry,5,Dark/Lighted,Clear,PC,No,0
2024-10-01,POD,JAGUAR,I-Pace,2024,Waymo LLC,3.0,26745.0,Night,Intersection,Dry,25,Dark/Lighted,Clear,PC,No,4
2024-10-01,POD,JAGUAR,I-Pace,2024,Waymo LLC,3.0,26803.0,Day,Street,Dry,25,Dark/Not_Lighted,Clear,PC,No,21
2024-08-01,POD,JAGUAR,I-Pace,2024,Waymo LLC,3.0,26823.0,Day,Street,Dry,15,Daylight,Clear,PC,No,0
2024-11-01,Minor,JAGUAR,I-Pace,2024,Waymo LLC,3.0,27235.0,Day,Street,Dry,25,Dark/Lighted,Clear,Object,No,0
2022-04-01,POD,JAGUAR,I-Pace,2021,Waymo LLC,3.0,27380.0,Day,Street,Dry,25,Daylight,Clear,PC,No,17
2024-08-01,POD,JAGUAR,I-Pace,2024,Waymo LLC,3.0,28037.0,Day,Street,Dry,5,Daylight,Clear,PC,No,0
2024-10-01,POD,JAGUAR,I-Pace,2024,Waymo LLC,3.0,28223.0,Day,Intersection,Dry,15,Daylight,Clear,PC,No,0
2022-10-01,POD,JAGUAR,I-Pace,2021,Waymo LLC,3.0,28333.0,Day,Intersection,Dry,15,Daylight,Clear,PC,No,6
2024-08-01,POD,JAGUAR,I-Pace,2021,Waymo LLC,3.0,28632.0,Day,Street,Dry,45,Daylight,Clear,PC,No,33
2022-08-01,POD,JAGUAR,I-Pace,2021,Waymo LLC,3.0,28679.0,Night,Intersection,Dry,25,Daylight,Cloudy/fog,HV,No,0
2024-04-01,Minor,JAGUAR,I-Pace,2021,Waymo LLC,3.0,29249.0,Day,Street,Dry,15,Daylight,Cloudy/fog,PC,No,0
2023-01-01,POD,JAGUAR,I-Pace,2021,Waymo LLC,3.0,29338.0,Day,Intersection,Dry,35,Daylight,Clear,PC,No,8
2024-10-01,POD,JAGUAR,I-Pace,2024,Waymo LLC,3.0,29692.0,Day,Street,Dry,25,Daylight,Cloudy/fog,PC,No,0
2021-11-01,Minor,CRUISE,AV,2020,Cruise,3.0,30000.0,Day,Street,Dry,25,Daylight,Clear,PC,No,0
2024-03-01,POD,JAGUAR,I-Pace,2021,Waymo LLC,3.0,30030.0,Day,Street,Wet,25,Dark/Lighted,Snow/rain,PC,No,0
2022-05-01,POD,JAGUAR,I-Pace,2021,Waymo LLC,3.0,30050.0,Day,Street,Dry,25,Dark/Lighted,Clear,PC,No,9
2024-11-01,POD,JAGUAR,I-Pace,2024,Waymo LLC,3.0,30056.0,Day,Street,Dry,25,Daylight,Clear,PC,No,0
2022-03-01,POD,JAGUAR,I-Pace,2021,Waymo LLC,3.0,30534.0,Night,Intersection,Dry,35,Dark/Lighted,Clear,HV,Yes,0
2024-10-01,POD,JAGUAR,I-Pace,2024,Waymo LLC,3.0,30549.0,Night,Street,Dry,25,Dark/Lighted,Cloudy/fog,PC,No,0
2021-12-01,POD,CRUISE,AV,2020,Cruise,3.0,30712.0,Day,Street,Dry,25,Daylight,Clear,PC,No,0
2022-07-01,POD,JAGUAR,I-Pace,2021,Waymo LLC,3.0,30770.0,Day,Intersection,Dry,25,Dark/Lighted,Clear,PC,No,12
2021-12-01,POD,CRUISE,AV,2020,Cruise,3.0,30905.0,Day,Street,Dry,25,Dark/Lighted,Clear,PC,No,0
2023-09-01,POD,CRUISE,AV,2022,Cruise,3.0,31256.0,Day,Street,Dry,25,Dark/Lighted,Clear,Object,No,15
2022-12-01,POD,JAGUAR,I- Pace,2021,Waymo LLC,3.0,31404.0,Day,Intersection,Dry,25,Dark/Not_Lighted,Clear,PC,No,0
2023-03-01,POD,JAGUAR,I-Pace,2021,Waymo LLC,3.0,31799.0,Night,Street,Dry,35,Dark/Lighted,Clear,PC,No,0
2021-12-01,POD,CRUISE,AV,2020,Cruise,3.0,31843.0,Night,Street,Wet,25,Dark/Lighted,Snow/rain,PC,No,3
2021-07-01,Minor,CRUISE,AV,2020,Cruise,3.0,31980.0,Day,Street,Dry,25,Daylight,Clear,Object,No,13
2022-02-01,POD,CRUISE,AV,2020,Cruise,3.0,32234.0,Day,Intersection,Dry,25,Dark/Lighted,Clear,PC,No,13
2023-04-01,POD,JAGUAR,I-PACE,2021,Waymo LLC,3.0,32348.0,Night,Intersection,Dry,15,Dark/Lighted,Clear,PC,No,0
2023-04-01,POD,JAGUAR,I-Pace,2021,Waymo LLC,3.0,32763.0,Day,Street,Dry,25,Daylight,Clear,HV,No,0
2022-05-01,Minor,CRUISE,AV,2020,Cruise,3.0,32821.0,Day,Intersection,Dry,25,Dark/Lighted,Clear,PC,No,0
2024-10-01,POD,JAGUAR,I-Pace,2024,Waymo LLC,3.0,32832.0,Day,Street,Dry,4,Daylight,Clear,HV,No,0
2022-08-01,POD,JAGUAR,I-Pace,2021,Waymo LLC,3.0,33977.0,Day,Intersection,Dry,25,Dark/Lighted,Clear,PC,No,1
2022-11-01,POD,JAGUAR,I-Pace,2021,Waymo LLC,3.0,33978.0,Day,Street,Dry,25,Daylight,Clear,HV,No,0
2024-06-01,POD,JAGUAR,I-Pace,2021,Waymo LLC,3.0,34062.0,Day,Street,Dry,25,Daylight,Clear,PC,No,0
2024-08-01,POD,JAGUAR,I-Pace,2024,Waymo LLC,3.0,34092.0,Night,Street,Dry,25,Dark/Lighted,Clear,PC,No,0
2024-11-01,POD,JAGUAR,I-Pace,2024,Waymo LLC,3.0,34256.0,Day,Intersection,Dry,25,Dark/Lighted,Clear,PC,Yes,0
2023-05-01,POD,JAGUAR,I-Pace,2021,Waymo LLC,3.0,34261.0,Day,Street,Dry,35,Daylight,Clear,PC,No,32
2022-07-01,POD,JAGUAR,I-Pace,2021,Waymo LLC,3.0,34308.0,Night,Street,Dry,35,Dark/Lighted,Clear,PC,No,9
2022-12-01,POD,JAGUAR,I-Pace,2021,Waymo LLC,3.0,34517.0,Day,Intersection,Wet,30,Dark/Lighted,Snow/rain,PC,No,0
2023-07-01,Minor,CRUISE,AV,2022,Cruise,3.0,34706.0,Night,Street,Dry,40,Dark/Lighted,Clear,PC,No,27
2023-03-01,POD,JAGUAR,I-Pace,2021,Waymo LLC,3.0,34727.0,Night,Street,Dry,15,Dark/Lighted,Clear,Object,No,2
2022-11-01,POD,JAGUAR,I-Pace,2021,Waymo LLC,3.0,35308.0,Day,Intersection,Wet,25,Daylight,Snow/rain,PC,No,0
2023-07-01,Minor,JAGUAR,I-Pace,2021,Waymo LLC,3.0,35785.0,Day,Street,Dry,40,Daylight,Clear,PC,No,3
2022-04-01,POD,CRUISE,AV,2020,Cruise,3.0,36078.0,Day,Street,Dry,25,Dark/Lighted,Clear,PC,No,2
2023-05-01,POD,JAGUAR,I-Pace,2021,Waymo LLC,3.0,36194.0,Day,Street,Dry,25,Daylight,Cloudy/fog,PC,Yes,4
2022-07-01,POD,CRUISE,AV,2020,Cruise,3.0,36885.0,Day,Street,Wet,25,Dark/Lighted,Snow/rain,PC,No,0
2023-03-01,POD,JAGUAR,I-Pace,2021,Waymo LLC,3.0,36912.0,Day,Highway,Dry,65,Dark/Lighted,Clear,PC,No,64
2024-08-01,POD,JAGUAR,I-Pace,2024,Waymo LLC,3.0,37010.0,Day,Intersection,Dry,40,Daylight,Clear,PC,No,0
2023-03-01,POD,JAGUAR,I-Pace,2021,Waymo LLC,3.0,38155.0,Day,Intersection,Dry,35,Daylight,Cloudy/fog,PC,No,0
2022-09-01,POD,JAGUAR,I-Pace,2021,Waymo LLC,3.0,38190.0,Day,Intersection,Dry,25,Daylight,Clear,PC,No,0
2023-03-01,POD,JAGUAR,I-Pace,2021,Waymo LLC,3.0,38196.0,Day,Street,Dry,25,Daylight,Clear,HV,No,0
2024-03-01,POD,JAGUAR,I-Pace,2021,Waymo LLC,3.0,38500.0,Day,Intersection,Dry,30,Daylight,Clear,PC,No,0
2023-06-01,POD,JAGUAR,I-Pace,2021,Waymo LLC,3.0,38714.0,Day,Street,Dry,15,Daylight,Cloudy/fog,HV,No,0
2023-03-01,POD,JAGUAR,I-Pace,2021,Waymo LLC,3.0,38882.0,Day,Intersection,Dry,35,Daylight,Clear,PC,No,8
2022-04-01,POD,CRUISE,AV,2020,Cruise,3.0,38937.0,Night,Street,Dry,25,Dark/Lighted,Clear,PC,No,22
2022-08-01,POD,JAGUAR,I-Pace,2021,Waymo LLC,3.0,38984.0,Day,Street,Dry,45,Daylight,Clear,PC,No,45
2022-04-01,POD,CRUISE,AV,2020,Cruise,3.0,39165.0,Day,Intersection,Dry,25,Dark/Lighted,Clear,PC,No,5
2022-01-01,Minor,CRUISE,AV,2020,Cruise,3.0,39252.0,Day,Street,Dry,25,Daylight,Clear,Object,No,7
2023-07-01,POD,JAGUAR,I-Pace,2021,Waymo LLC,3.0,39263.0,Day,Street,Dry,25,Daylight,Clear,PC,No,0
2024-09-01,POD,JAGUAR,I-Pace,2024,Waymo LLC,3.0,39318.0,Night,Intersection,Dry,45,Dark/Not_Lighted,Cloudy/fog,PC,No,18
2022-03-01,POD,CRUISE,AV,2020,Cruise,3.0,39342.0,Day,Street,Dry,25,Dark/Lighted,Clear,PC,No,0
2024-11-01,POD,JAGUAR,I-Pace,2024,Waymo LLC,3.0,39891.0,Night,Street,Dry,40,Dark/Lighted,Clear,PC,Yes,0
2022-08-01,POD,JAGUAR,I-Pace,2021,Waymo LLC,3.0,40181.0,Night,Street,Dry,25,Dark/Lighted,Clear,Object,No,23
2022-04-01,POD,CRUISE,AV,2020,Cruise,3.0,40273.0,Night,Intersection,Dry,25,Dark/Lighted,Clear,PC,No,0
2023-04-01,POD,JAGUAR,I-PACE,2021,Waymo LLC,3.0,40453.0,Day,Intersection,Dry,25,Daylight,Clear,PC,No,0
2022-08-01,POD,CRUISE,AV,2020,Cruise,3.0,40836.0,Day,Street,Dry,25,Daylight,Clear,PC,No,14
2023-09-01,POD,JAGUAR,I-Pace,2021,Waymo LLC,3.0,42200.0,Night,Street,Wet,20,Dark/Lighted,Clear,HV,No,0
2022-07-01,POD,CRUISE,AV,2020,Cruise,3.0,42248.0,Night,Intersection,Dry,25,Dark/Lighted,Clear,PC,No,6
2023-07-01,POD,JAGUAR,I-Pace,2021,Waymo LLC,3.0,42337.0,Day,Intersection,Dry,20,Daylight,Clear,PC,No,0
2022-04-01,POD,CRUISE,AV,2020,Cruise,3.0,42620.0,Day,Intersection,Dry,25,Dark/Lighted,Clear,PC,No,0
2023-04-01,POD,JAGUAR,I-PACE,2021,Waymo LLC,3.0,42716.0,Day,Street,Dry,25,Daylight,Clear,PC,No,0
2022-03-01,Moderate,CRUISE,AV,2020,Cruise,3.0,43082.0,Day,Street,Dry,25,Daylight,Clear,PC,No,10
2023-09-01,POD,JAGUAR,I-Pace,2021,Waymo LLC,3.0,43512.0,Night,Street,Dry,25,Dark/Lighted,Clear,PC,No,0
2023-05-01,POD,JAGUAR,I-Pace,2021,Waymo LLC,3.0,43564.0,Day,Street,Dry,15,Daylight,Clear,PC,No,8
2023-07-01,POD,JAGUAR,I-Pace,2021,Waymo LLC,3.0,43816.0,Day,Street,Dry,25,Daylight,Cloudy/fog,PC,No,4
2023-06-01,POD,JAGUAR,I-Pace,2021,Waymo LLC,3.0,43926.0,Day,Street,Dry,25,Daylight,Cloudy/fog,PC,No,0
2022-01-01,POD,CRUISE,AV,2020,Cruise,3.0,44037.0,Day,Intersection,Dry,25,Dark/Lighted,Clear,PC,No,25
2023-03-01,Minor,JAGUAR,I-Pace,2021,Waymo LLC,3.0,44094.0,Night,Street,Dry,40,Dark/Lighted,Clear,PC,No,1
2023-05-01,POD,JAGUAR,I-Pace,2021,Waymo LLC,3.0,44157.0,Day,Street,Dry,25,Daylight,Cloudy/fog,Object,No,23
2022-08-01,POD,JAGUAR,I-Pace,2021,Waymo LLC,3.0,44439.0,Day,Street,Dry,30,Dark/Lighted,Clear,PC,No,10
2023-05-01,POD,JAGUAR,I-Pace,2021,Waymo LLC,3.0,44861.0,Day,Street,Dry,25,Daylight,Clear,Object,No,0
2023-04-01,POD,JAGUAR,I-PACE,2021,Waymo LLC,3.0,45560.0,Day,Intersection,Dry,30,Daylight,Clear,PC,No,0
2023-04-01,POD,JAGUAR,I-Pace,2021,Waymo LLC,3.0,45624.0,Day,Intersection,Dry,25,Daylight,Clear,PC,No,0
2022-12-01,POD,JAGUAR,I-Pace,2021,Waymo LLC,3.0,45898.0,Day,Street,Dry,30,Daylight,Clear,PC,No,0
2022-07-01,POD,CRUISE,AV,2020,Cruise,3.0,46105.0,Day,Street,Dry,25,Dark/Lighted,Clear,PC,No,12
2024-09-01,POD,JAGUAR,I-Pace,2024,Waymo LLC,3.0,46579.0,Day,Street,Dry,40,Daylight,Clear,PC,Yes,28
2023-08-01,POD,JAGUAR,I-Pace,2021,Waymo LLC,3.0,46766.0,Day,Street,Dry,25,Daylight,Clear,PC,No,0
2023-02-01,POD,JAGUAR,I-Pace,2021,Waymo LLC,3.0,46863.0,Day,Intersection,Dry,25,Dark/Lighted,Clear,Object,No,12
2023-02-01,POD,JAGUAR,I-Pace,2021,Waymo LLC,3.0,47034.0,Day,Highway,Dry,65,Daylight,Clear,PC,No,13
2022-12-01,POD,JAGUAR,I-Pace,2021,Waymo LLC,3.0,47130.0,Night,Street,Wet,15,Dark/Lighted,Clear,Object,No,11
2023-08-01,Minor,JAGUAR,I-Pace,2021,Waymo LLC,3.0,47248.0,Night,Street,Dry,25,Dark/Lighted,Clear,PC,No,0
2023-06-01,POD,JAGUAR,I-Pace,2021,Waymo LLC,3.0,47329.0,Day,Intersection,Dry,30,Daylight,Clear,PC,No,1
2023-11-01,POD,JAGUAR,I-Pace,2021,Waymo LLC,3.0,47504.0,Day,Street,Dry,20,Daylight,Clear,HV,No,0
2023-07-01,POD,JAGUAR,I-Pace,2021,Waymo LLC,3.0,47784.0,Night,Intersection,Dry,25,Daylight,Clear,PC,No,0
2023-03-01,POD,JAGUAR,I-Pace,2021,Waymo LLC,3.0,48335.0,Night,Intersection,Wet,25,Dark/Lighted,Snow/rain,PC,No,0
2023-10-01,POD,JAGUAR,I-Pace,2021,Waymo LLC,3.0,48564.0,Day,Street,Dry,25,Dark/Not_Lighted,Clear,PC,No,0
2023-04-01,POD,JAGUAR,I-PACE,2021,Waymo LLC,3.0,48606.0,Day,Intersection,Dry,35,Daylight,Clear,HV,No,1
2023-06-01,Minor,JAGUAR,I-Pace,2021,Waymo LLC,3.0,49116.0,Night,Intersection,Dry,30,Dark/Lighted,Clear,PC,No,0
2023-09-01,POD,JAGUAR,I-Pace,2021,Waymo LLC,3.0,49500.0,Night,Intersection,Dry,35,Dark/Lighted,Clear,PC,No,0
2023-10-01,POD,JAGUAR,I-Pace,2021,Waymo LLC,3.0,49823.0,Day,Street,Dry,25,Daylight,Clear,HV,No,0
2023-06-01,POD,JAGUAR,I-Pace,2021,Waymo LLC,3.0,49938.0,Night,Street,Dry,25,Dark/Lighted,Clear,PC,No,0
2023-08-01,POD,JAGUAR,I-Pace,2021,Waymo LLC,3.0,50153.0,Day,Street,Dry,35,Daylight,Clear,PC,No,17
2023-02-01,POD,JAGUAR,I-Pace,2021,Waymo LLC,3.0,50282.0,Day,Street,Dry,45,Daylight,Clear,PC,No,40
2023-08-01,POD,JAGUAR,I-Pace,2021,Waymo LLC,3.0,50308.0,Night,Intersection,Dry,25,Dark/Not_Lighted,Clear,PC,No,1
2024-11-01,POD,JAGUAR,I-Pace,2024,Waymo LLC,3.0,50713.0,Night,Street,Dry,40,Dark/Lighted,Clear,PC,No,20
2023-09-01,POD,JAGUAR,I-Pace,2021,Waymo LLC,3.0,51448.0,Night,Intersection,Dry,25,Dark/Not_Lighted,Clear,PC,No,0
2023-10-01,POD,JAGUAR,I-Pace,2021,Waymo LLC,3.0,51633.0,Day,Street,Dry,25,Daylight,Clear,PC,No,0
2024-08-01,POD,JAGUAR,I-Pace,2021,Waymo LLC,3.0,51747.0,Day,Street,Dry,35,Daylight,Clear,PC,No,2
2023-06-01,POD,CRUISE,AV,2020,Cruise,3.0,52008.0,Day,Intersection,Dry,45,Dark/Lighted,Clear,HV,No,14
2023-12-01,POD,JAGUAR,I-Pace,2021,Waymo LLC,3.0,52254.0,Day,Street,Wet,20,Daylight,Snow/rain,PC,No,3
2023-11-01,POD,JAGUAR,I-Pace,2021,Waymo LLC,3.0,52707.0,Day,Street,Dry,5,Daylight,Clear,PC,No,2
2023-05-01,POD,JAGUAR,I-Pace,2021,Waymo LLC,3.0,52978.0,Night,Street,Dry,20,Dark/Lighted,Cloudy/fog,PC,No,6
2023-11-01,POD,JAGUAR,I-Pace,2021,Waymo LLC,3.0,53528.0,Day,Intersection,Dry,30,Dark/Lighted,Clear,PC,No,0
2023-09-01,POD,JAGUAR,I-Pace,2021,Waymo LLC,3.0,53804.0,Day,Street,Dry,20,Daylight,Clear,HV,No,0
2023-10-01,POD,JAGUAR,I-Pace,2023,Waymo LLC,3.0,54469.0,Day,Intersection,Dry,25,Daylight,Clear,PC,No,3
2023-08-01,POD,JAGUAR,I-Pace,2021,Waymo LLC,3.0,54905.0,Night,Street,Dry,25,Daylight,Clear,HV,No,0
2023-04-01,POD,CRUISE,AV,2020,Cruise,3.0,55445.0,Day,Street,Dry,45,Daylight,Clear,PC,No,34
2023-10-01,POD,JAGUAR,I-Pace,2023,Waymo LLC,3.0,55661.0,Day,Street,Dry,25,Dark/Lighted,Clear,PC,No,1
2023-05-01,POD,JAGUAR,I-Pace,2021,Waymo LLC,3.0,55792.0,Day,Street,Dry,25,Daylight,Clear,HV,No,0
2023-07-01,POD,JAGUAR,I-Pace,2021,Waymo LLC,3.0,55858.0,Day,Intersection,Dry,25,Daylight,Clear,PC,No,9
2024-09-01,POD,JAGUAR,I-Pace,2021,Waymo LLC,3.0,55983.0,Day,Street,Dry,25,Daylight,Clear,PC,No,1
2023-10-01,POD,JAGUAR,I-Pace,2021,Waymo LLC,3.0,56088.0,Day,Street,Dry,25,Daylight,Cloudy/fog,PC,No,1
2024-01-01,POD,JAGUAR,I-Pace,2021,Waymo LLC,3.0,56344.0,Day,Street,Dry,25,Daylight,Clear,PC,No,0
2023-12-01,POD,JAGUAR,I-Pace,2021,Waymo LLC,3.0,56694.0,Day,Street,Dry,25,Daylight,Cloudy/fog,PC,No,0
2023-09-01,POD,JAGUAR,I-Pace,2021,Waymo LLC,3.0,56983.0,Night,Intersection,Dry,25,Dark/Lighted,Cloudy/fog,PC,No,8
2023-06-01,POD,JAGUAR,I-Pace,2021,Waymo LLC,3.0,57031.0,Day,Intersection,Dry,25,Daylight,Cloudy/fog,PC,No,0
2023-10-01,POD,JAGUAR,I-Pace,2021,Waymo LLC,3.0,58352.0,Day,Intersection,Dry,20,Daylight,Clear,PC,No,0
2023-07-01,POD,JAGUAR,I-Pace,2021,Waymo LLC,3.0,58446.0,Day,Street,Dry,30,Daylight,Clear,Object,No,0
2023-09-01,POD,JAGUAR,I-Pace,2021,Waymo LLC,3.0,59285.0,Night,Street,Dry,25,Daylight,Clear,PC,No,0
2023-12-01,POD,JAGUAR,I-Pace,2021,Waymo LLC,3.0,59898.0,Day,Street,Dry,25,Daylight,Cloudy/fog,HV,No,0
2024-02-01,POD,JAGUAR,I-Pace,2021,Waymo LLC,3.0,61023.0,Night,Street,Wet,25,Dark/Lighted,Snow/rain,Object,No,8
2023-05-01,POD,JAGUAR,I-Pace,2021,Waymo LLC,3.0,61480.0,Night,Highway,Dry,65,Dark/Lighted,Clear,PC,No,63
2023-03-01,POD,JAGUAR,I-Pace,2021,Waymo LLC,3.0,61708.0,Day,Intersection,Dry,35,Daylight,Clear,PC,No,2
2023-12-01,POD,JAGUAR,I-Pace,2021,Waymo LLC,3.0,62115.0,Day,Intersection,Dry,25,Daylight,Cloudy/fog,HV,No,0
2023-08-01,POD,JAGUAR,I-Pace,2021,Waymo LLC,3.0,62818.0,Night,Intersection,Dry,35,Dark/Lighted,Clear,PC,No,3
2024-01-01,POD,JAGUAR,I-Pace,2021,Waymo LLC,3.0,63054.0,Night,Intersection,Dry,25,Dark/Lighted,Clear,HV,No,0
2023-08-01,POD,JAGUAR,I-Pace,2021,Waymo LLC,3.0,63250.0,Day,Street,Dry,25,Daylight,Clear,PC,No,0
2024-04-01,POD,JAGUAR,I-Pace,2021,Waymo LLC,3.0,63723.0,Day,Intersection,Dry,25,Dark/Lighted,Clear,PC,No,7
2024-03-01,POD,JAGUAR,I-Pace,2021,Waymo LLC,3.0,64007.0,Day,Intersection,Dry,25,Dark/Lighted,Clear,PC,No,14
2023-11-01,Serious,JAGUAR,I-Pace,2021,Waymo LLC,3.0,64204.0,Night,Intersection,Dry,25,Dark/Lighted,Clear,PC,No,18
2024-10-01,POD,JAGUAR,I-Pace,2024,Waymo LLC,3.0,65980.0,Night,Street,Dry,25,Dark/Lighted,Clear,PC,No,0
2024-02-01,POD,JAGUAR,I-Pace,2021,Waymo LLC,3.0,66000.0,Day,Street,Dry,35,Daylight,Cloudy/fog,Object,No,12
2023-08-01,POD,JAGUAR,I-Pace,2021,Waymo LLC,3.0,66652.0,Night,Intersection,Dry,35,Daylight,Clear,PC,No,8
2024-10-01,POD,JAGUAR,I-Pace,2021,Waymo LLC,3.0,67823.0,Day,Street,Dry,30,Dark/Lighted,Clear,PC,No,0
2024-04-01,POD,JAGUAR,I-Pace,2021,Waymo LLC,3.0,68796.0,Night,Street,Dry,20,Dark/Lighted,Clear,PC,No,0
2023-06-01,POD,JAGUAR,I-Pace,2021,Waymo LLC,3.0,68928.0,Night,Highway,Dry,65,Dark/Not_Lighted,Clear,PC,No,56
2023-08-01,POD,JAGUAR,I-Pace,2021,Waymo LLC,3.0,68966.0,Day,Street,Dry,25,Daylight,Clear,Object,No,0
2023-05-01,POD,JAGUAR,I-Pace,2021,Waymo LLC,3.0,69071.0,Night,Intersection,Dry,40,Dark/Lighted,Clear,PC,No,0
2023-09-01,POD,JAGUAR,I-Pace,2021,Waymo LLC,3.0,69384.0,Day,Street,Dry,25,Daylight,Clear,PC,No,12
2024-08-01,POD,JAGUAR,I-Pace,2021,Waymo LLC,3.0,69410.0,Day,Street,Dry,25,Daylight,Clear,PC,No,3
2023-08-01,POD,JAGUAR,I-Pace,2021,Waymo LLC,3.0,69522.0,Night,Street,Dry,25,Daylight,Clear,PC,No,0
2023-09-01,POD,JAGUAR,I-Pace,2021,Waymo LLC,3.0,70000.0,Day,Street,Dry,25,Daylight,Clear,PC,No,0
2023-09-01,POD,JAGUAR,I-Pace,2021,Waymo LLC,3.0,70384.0,Night,Street,Dry,25,Dark/Lighted,Clear,PC,No,0
2023-12-01,Minor,JAGUAR,I-Pace,2021,Waymo LLC,3.0,70533.0,Day,Intersection,Dry,25,Daylight,Clear,PC,No,2
2023-08-01,POD,JAGUAR,I-Pace,2021,Waymo LLC,3.0,70925.0,Night,Intersection,Dry,25,Dark/Lighted,Clear,PC,No,13
2024-06-01,POD,JAGUAR,I-Pace,2021,Waymo LLC,3.0,71211.0,Day,Street,Dry,20,Daylight,Clear,PC,No,0
2024-05-01,POD,JAGUAR,I-Pace,2021,Waymo LLC,3.0,71470.0,Night,Street,Dry,15,Dark/Lighted,Clear,PC,No,3
2023-12-01,POD,JAGUAR,I-Pace,2021,Waymo LLC,3.0,71577.0,Night,Intersection,Dry,40,Dark/Lighted,Clear,PC,No,33
2024-05-01,POD,JAGUAR,I-Pace,2021,Waymo LLC,3.0,72368.0,Day,Street,Dry,15,Daylight,Clear,Object,No,2
2023-10-01,POD,JAGUAR,I-Pace,2021,Waymo LLC,3.0,73225.0,Day,Street,Dry,25,Daylight,Clear,PC,No,19
2024-07-01,POD,JAGUAR,I-Pace,2021,Waymo LLC,3.0,73354.0,Night,Intersection,Dry,25,Dark/Lighted,Cloudy/fog,PC,No,0
2023-09-01,POD,JAGUAR,I-Pace,2021,Waymo LLC,3.0,73650.0,Day,Street,Dry,15,Dark/Lighted,Clear,PC,No,0
2024-05-01,POD,JAGUAR,I-Pace,2021,Waymo LLC,3.0,74147.0,Day,Street,Dry,25,Daylight,Clear,HV,No,0
2023-12-01,POD,JAGUAR,I-Pace,2021,Waymo LLC,3.0,74294.0,Day,Street,Wet,25,Dark/Not_Lighted,Cloudy/fog,PC,No,12
2024-01-01,POD,JAGUAR,I-Pace,2021,Waymo LLC,3.0,74662.0,Day,Street,Wet,25,Daylight,Snow/rain,PC,No,0
2024-05-01,POD,JAGUAR,I-Pace,2021,Waymo LLC,3.0,75016.0,Day,Intersection,Dry,25,Dark/Lighted,Clear,PC,Yes,0
2023-07-01,POD,JAGUAR,I-Pace,2021,Waymo LLC,3.0,75443.0,Day,Street,Dry,25,Daylight,Cloudy/fog,PC,No,0
2024-01-01,POD,JAGUAR,I-Pace,2021,Waymo LLC,3.0,75591.0,Day,Intersection,Wet,25,Dark/Lighted,Snow/rain,PC,No,0
2024-01-01,POD,JAGUAR,I-Pace,2021,Waymo LLC,3.0,75945.0,Day,Street,Dry,35,Daylight,Cloudy/fog,PC,No,35
2024-09-01,POD,JAGUAR,I-Pace,2021,Waymo LLC,3.0,75967.0,Night,Street,Dry,25,Dark/Lighted,Clear,HV,No,0
2023-11-01,POD,JAGUAR,I-Pace,2021,Waymo LLC,3.0,76385.0,Night,Intersection,Dry,30,Dark/Lighted,Clear,PC,No,0
2023-10-01,POD,JAGUAR,I-Pace,2021,Waymo LLC,3.0,76624.0,Night,Street,Dry,25,Dark/Lighted,Clear,PC,No,8
2023-12-01,POD,JAGUAR,I-Pace,2021,Waymo LLC,3.0,76785.0,Day,Street,Dry,25,Dark/Lighted,Clear,PC,No,2
2023-11-01,POD,JAGUAR,I-Pace,2021,Waymo LLC,3.0,77212.0,Night,Street,Dry,15,Dark/Lighted,Clear,PC,No,10
2024-09-01,POD,JAGUAR,I-Pace,2021,Waymo LLC,3.0,77419.0,Day,Street,Dry,25,Daylight,Clear,PC,No,0
2023-05-01,POD,JAGUAR,I-Pace,2021,Waymo LLC,3.0,78122.0,Day,Street,Dry,15,Daylight,Clear,PC,No,10
2024-06-01,POD,JAGUAR,I-Pace,2021,Waymo LLC,3.0,78153.0,Night,Street,Dry,45,Dark/Lighted,Clear,PC,No,44
2024-08-01,POD,JAGUAR,I-Pace,2021,Waymo LLC,3.0,78170.0,Day,Street,Dry,25,Dark/Lighted,Clear,Object,No,1
2023-10-01,POD,JAGUAR,I-Pace,2021,Waymo LLC,3.0,78568.0,Day,Intersection,Dry,25,Daylight,Clear,Object,No,13
2023-12-01,POD,JAGUAR,I-Pace,2021,Waymo LLC,3.0,78758.0,Night,Intersection,Dry,45,Dark/Lighted,Clear,PC,No,3
2023-09-01,POD,CRUISE,8AV,2020,Cruise,3.0,78839.0,Day,Street,Dry,25,Daylight,Clear,HV,No,10
2023-09-01,POD,CRUISE,AV,2023,Cruise,3.0,78839.0,Night,Intersection,Dry,30,Dark/Lighted,Clear,PC,No,16
2023-11-01,POD,JAGUAR,I-Pace,2021,Waymo LLC,3.0,79098.0,Day,Intersection,Dry,25,Daylight,Clear,PC,No,0
2024-06-01,POD,JAGUAR,I-Pace,2021,Waymo LLC,3.0,79252.0,Night,Street,Dry,25,Dark/Lighted,Clear,PC,No,0
2024-03-01,POD,JAGUAR,I-Pace,2021,Waymo LLC,3.0,80319.0,Night,Street,Dry,25,Dark/Lighted,Clear,PC,No,0
2024-01-01,POD,JAGUAR,I-PACE,2021,Waymo LLC,3.0,80515.0,Day,Intersection,Wet,25,Daylight,Cloudy/fog,PC,No,0
2024-01-01,POD,JAGUAR,I-PACE,2021,Waymo LLC,3.0,80684.0,Day,Intersection,Wet,25,Daylight,Cloudy/fog,PC,No,0
2024-02-01,POD,JAGUAR,I-Pace,2021,Waymo LLC,3.0,80882.0,Day,Intersection,Dry,25,Daylight,Cloudy/fog,PC,No,1
2024-04-01,POD,JAGUAR,I-Pace,2021,Waymo LLC,3.0,80954.0,Night,Street,Dry,15,Dark/Lighted,Clear,PC,No,4
2024-05-01,POD,JAGUAR,I-Pace,2021,Waymo LLC,3.0,81873.0,Day,Intersection,Dry,40,Daylight,Clear,PC,No,1
2023-10-01,POD,JAGUAR,I-Pace,2021,Waymo LLC,3.0,82124.0,Night,Street,Dry,15,Dark/Not_Lighted,Clear,HV,No,0
2024-09-01,POD,JAGUAR,I-Pace,2021,Waymo LLC,3.0,83212.0,Night,Intersection,Dry,25,Dark/Lighted,Clear,PC,No,0
2023-12-01,POD,JAGUAR,I-Pace,2021,Waymo LLC,3.0,83225.0,Night,Street,Dry,25,Dark/Lighted,Clear,PC,No,0
2024-09-01,POD,JAGUAR,I-Pace,2021,Waymo LLC,3.0,83549.0,Day,Intersection,Dry,15,Daylight,Clear,PC,No,0
2024-06-01,POD,JAGUAR,I-Pace,2021,Waymo LLC,3.0,83878.0,Night,Intersection,Dry,25,Daylight,Clear,PC,No,0
2024-06-01,POD,JAGUAR,I-Pace,2021,Waymo LLC,3.0,85096.0,Day,Street,Dry,45,Daylight,Clear,PC,No,0
2024-05-01,Minor,JAGUAR,I-Pace,2021,Waymo LLC,3.0,85104.0,Night,Street,Dry,25,Dark/Lighted,Clear,PC,No,3
2024-06-01,POD,JAGUAR,I-Pace,2021,Waymo LLC,3.0,85292.0,Night,Street,Dry,25,Daylight,Cloudy/fog,PC,No,0
2024-07-01,POD,JAGUAR,I-Pace,2021,Waymo LLC,3.0,85516.0,Day,Intersection,Dry,25,Daylight,Clear,PC,No,8
2024-10-01,POD,JAGUAR,I-Pace,2021,Waymo LLC,3.0,85637.0,Day,Street,Dry,25,Daylight,Cloudy/fog,PC,No,0
2023-06-01,Moderate,JAGUAR,I-PACE,2021,Waymo LLC,3.0,85743.0,Day,Highway,Dry,65,Daylight,Clear,PC,No,13
2024-01-01,POD,JAGUAR,I-Pace,2021,Waymo LLC,3.0,85993.0,Day,Intersection,Dry,35,Daylight,Clear,PC,No,0
2023-11-01,POD,JAGUAR,I-Pace,2021,Waymo LLC,3.0,86018.0,Day,Intersection,Wet,45,Dark/Lighted,Snow/rain,PC,No,0
2024-07-01,POD,JAGUAR,I-Pace,2021,Waymo LLC,3.0,86073.0,Night,Intersection,Dry,25,Daylight,Clear,PC,No,0
2024-02-01,Minor,JAGUAR,I-Pace,2021,Waymo LLC,3.0,86181.0,Day,Intersection,Dry,25,Daylight,Clear,Object,No,11
2023-10-01,POD,JAGUAR,I-Pace,2021,Waymo LLC,3.0,86499.0,Day,Intersection,Dry,25,Daylight,Clear,PC,No,23
2023-07-01,POD,JAGUAR,I-Pace,2021,Waymo LLC,3.0,86515.0,Day,Intersection,Dry,25,Daylight,Clear,PC,No,1
2023-06-01,POD,JAGUAR,I-Pace,2021,Waymo LLC,3.0,87101.0,Night,Street,Dry,35,Dark/Lighted,Clear,PC,No,35
2023-09-01,POD,JAGUAR,I-Pace,2021,Waymo LLC,3.0,87996.0,Day,Street,Dry,35,Daylight,Clear,PC,No,1
2024-08-01,POD,JAGUAR,I-Pace,2021,Waymo LLC,3.0,88108.0,Day,Intersection,Dry,25,Daylight,Cloudy/fog,PC,No,0
2024-04-01,POD,JAGUAR,I-Pace,2021,Waymo LLC,3.0,88123.0,Day,Intersection,Dry,25,Daylight,Clear,PC,No,0
2024-06-01,POD,JAGUAR,I-Pace,2021,Waymo LLC,3.0,88586.0,Night,Street,Dry,15,Daylight,Clear,PC,No,0
2024-06-01,POD,JAGUAR,I-Pace,2021,Waymo LLC,3.0,88635.0,Day,Intersection,Dry,25,Daylight,Cloudy/fog,HV,No,0
2024-06-01,POD,JAGUAR,I-Pace,2021,Waymo LLC,3.0,89544.0,Night,Intersection,Dry,45,Daylight,Clear,PC,No,25
2024-10-01,POD,JAGUAR,I-Pace,2021,Waymo LLC,3.0,89929.0,Day,Street,Dry,25,Daylight,Clear,HV,No,0
2023-10-01,Minor,JAGUAR,I-Pace,2021,Waymo LLC,3.0,89981.0,Night,Street,Dry,45,Dark/Lighted,Clear,PC,No,50
2024-06-01,POD,JAGUAR,I-Pace,2021,Waymo LLC,3.0,90236.0,Night,Intersection,Dry,35,Dark/Lighted,Clear,PC,No,0
2023-12-01,Minor,JAGUAR,I-Pace,2021,Waymo LLC,3.0,90362.0,Day,Intersection,Wet,40,Daylight,Cloudy/fog,PC,No,23
2024-08-01,POD,JAGUAR,I-Pace,2021,Waymo LLC,3.0,90387.0,Day,Intersection,Dry,25,Dark/Lighted,Cloudy/fog,PC,Yes,0
2024-05-01,POD,JAGUAR,I-Pace,2021,Waymo LLC,3.0,90575.0,Day,Street,Dry,20,Daylight,Cloudy/fog,PC,No,0
2024-09-01,POD,JAGUAR,I-Pace,2021,Waymo LLC,3.0,90600.0,Day,Intersection,Dry,35,Dark/Not_Lighted,Clear,PC,No,17
2024-08-01,POD,JAGUAR,I-Pace,2021,Waymo LLC,3.0,90797.0,Day,Street,Dry,25,Daylight,Cloudy/fog,PC,No,0
2024-01-01,POD,JAGUAR,I-Pace,2021,Waymo LLC,3.0,90976.0,Day,Intersection,Dry,45,Dark/Lighted,Clear,PC,No,0
2024-03-01,POD,JAGUAR,I-Pace,2021,Waymo LLC,3.0,91787.0,Day,Intersection,Dry,25,Daylight,Clear,PC,No,2
2024-07-01,Minor,JAGUAR,I-Pace,2021,Waymo LLC,3.0,91896.0,Night,Street,Dry,5,Dark/Lighted,Clear,PC,No,0
2024-09-01,POD,JAGUAR,I-Pace,2021,Waymo LLC,3.0,91956.0,Night,Street,Dry,35,Dark/Lighted,Cloudy/fog,PC,No,0
2023-12-01,POD,JAGUAR,I-Pace,2021,Waymo LLC,3.0,92003.0,Day,Intersection,Dry,30,Daylight,Cloudy/fog,PC,No,10
2024-08-01,POD,JAGUAR,I-Pace,2021,Waymo LLC,3.0,92528.0,Night,Street,Dry,15,Dark/Lighted,Clear,Object,No,10
2024-05-01,POD,JAGUAR,I-Pace,2021,Waymo LLC,3.0,93214.0,Day,Street,Dry,15,Daylight,Clear,PC,No,7
2023-12-01,POD,JAGUAR,I-Pace,2021,Waymo LLC,3.0,93672.0,Day,Street,Dry,40,Daylight,Clear,PC,No,35
2024-01-01,POD,JAGUAR,I-Pace,2021,Waymo LLC,3.0,94478.0,Day,Intersection,Dry,35,Daylight,Clear,HV,No,0
2024-07-01,POD,JAGUAR,I-Pace,2021,Waymo LLC,3.0,94884.0,Day,Intersection,Dry,25,Daylight,Clear,PC,No,0
2024-05-01,Minor,JAGUAR,I-Pace,2021,Waymo LLC,3.0,95182.0,Night,Intersection,Dry,40,Dark/Lighted,Clear,PC,No,2
2023-12-01,POD,JAGUAR,I-Pace,2021,Waymo LLC,3.0,95560.0,Day,Street,Dry,25,Daylight,Clear,PC,No,0
2023-12-01,Minor,JAGUAR,I-Pace,2021,Waymo LLC,3.0,96115.0,Day,Intersection,Dry,40,Daylight,Clear,HV,No,0
2024-09-01,POD,JAGUAR,I-Pace,2021,Waymo LLC,3.0,97293.0,Night,Street,Dry,15,Daylight,Clear,PC,No,3
2023-08-01,POD,JAGUAR,I-Pace,2021,Waymo LLC,3.0,97990.0,Night,Street,Dry,25,Dark/Not_Lighted,Clear,PC,No,7
2024-08-01,POD,JAGUAR,I-Pace,2021,Waymo LLC,3.0,98868.0,Day,Street,Dry,30,Daylight,Cloudy/fog,PC,No,0
2023-12-01,POD,JAGUAR,I-Pace,2021,Waymo LLC,3.0,99143.0,Night,Intersection,Dry,30,Dark/Lighted,Clear,PC,No,13
2024-03-01,POD,JAGUAR,I-Pace,2021,Waymo LLC,3.0,100854.0,Day,Street,Wet,30,Dark/Lighted,Cloudy/fog,PC,No,0
2024-10-01,POD,JAGUAR,I-Pace,2021,Waymo LLC,3.0,101423.0,Day,Street,Dry,15,Daylight,Clear,PC,No,0
2024-03-01,POD,JAGUAR,I-Pace,2021,Waymo LLC,3.0,101912.0,Night,Street,Dry,30,Dark/Lighted,Clear,Object,No,19
2023-12-01,POD,JAGUAR,I-Pace,2021,Waymo LLC,3.0,102570.0,Day,Intersection,Dry,35,Daylight,Clear,PC,No,23
2024-02-01,Minor,JAGUAR,I-Pace,2021,Waymo LLC,3.0,102778.0,Night,Highway,Dry,65,Dark/Lighted,Clear,PC,No,9
2024-02-01,POD,JAGUAR,I-Pace,2021,Waymo LLC,3.0,103278.0,Night,Intersection,Dry,40,Dark/Lighted,Clear,PC,No,0
2024-10-01,POD,JAGUAR,I-Pace,2021,Waymo LLC,3.0,103652.0,Day,Street,Dry,15,Daylight,Clear,HV,No,0
2024-08-01,POD,JAGUAR,I-Pace,2021,Waymo LLC,3.0,104293.0,Night,Street,Dry,35,Dark/Lighted,Clear,PC,No,20
2024-07-01,POD,JAGUAR,I-Pace,2021,Waymo LLC,3.0,104307.0,Night,Intersection,Dry,25,Daylight,Cloudy/fog,HV,No,0
2024-02-01,POD,JAGUAR,I-Pace,2021,Waymo LLC,3.0,104482.0,Day,Street,Dry,25,Daylight,Clear,HV,No,0
2024-10-01,POD,JAGUAR,I-Pace,2021,Waymo LLC,3.0,104532.0,Day,Street,Dry,25,Daylight,Cloudy/fog,PC,No,0
2023-12-01,POD,JAGUAR,I-Pace,2021,Waymo LLC,3.0,104891.0,Day,Street,Dry,15,Daylight,Clear,PC,No,0
2024-09-01,POD,JAGUAR,I-Pace,2021,Waymo LLC,3.0,105006.0,Night,Street,Dry,25,Daylight,Cloudy/fog,PC,No,0
2024-06-01,POD,JAGUAR,I-Pace,2021,Waymo LLC,3.0,105914.0,Day,Street,Dry,40,Daylight,Clear,PC,No,0
2024-10-01,POD,JAGUAR,I-Pace,2021,Waymo LLC,3.0,106289.0,Day,Street,Dry,25,Daylight,Clear,HV,No,0
2023-08-01,Minor,CRUISE,AV,2023,Cruise,3.0,106677.0,Day,Intersection,Dry,20,Daylight,Clear,Object,No,1
2024-01-01,POD,JAGUAR,I-Pace,2021,Waymo LLC,3.0,107479.0,Day,Street,Dry,15,Daylight,Clear,PC,No,10
2024-08-01,POD,JAGUAR,I-Pace,2021,Waymo LLC,3.0,107895.0,Day,Street,Dry,25,Daylight,Clear,PC,No,0
2024-09-01,Minor,JAGUAR,I-Pace,2021,Waymo LLC,3.0,110948.0,Day,Street,Dry,35,Daylight,Clear,PC,No,0
2024-08-01,POD,JAGUAR,I-Pace,2021,Waymo LLC,3.0,111454.0,Day,Street,Dry,15,Daylight,Cloudy/fog,PC,No,0
2024-03-01,POD,JAGUAR,I-Pace,2021,Waymo LLC,3.0,111866.0,Day,Street,Dry,30,Daylight,Clear,PC,No,0
2024-01-01,POD,JAGUAR,I-Pace,2021,Waymo LLC,3.0,112503.0,Day,Street,Dry,5,Daylight,Cloudy/fog,PC,No,2
2024-03-01,POD,JAGUAR,I-Pace,2021,Waymo LLC,3.0,112982.0,Day,Street,Wet,35,Dark/Lighted,Snow/rain,PC,No,0
2024-04-01,POD,JAGUAR,I-Pace,2021,Waymo LLC,3.0,113072.0,Day,Street,Dry,20,Daylight,Clear,HV,No,3
2024-09-01,POD,JAGUAR,I-Pace,2021,Waymo LLC,3.0,113087.0,Day,Street,Dry,25,Daylight,Clear,PC,No,0
2024-09-01,POD,JAGUAR,I-Pace,2021,Waymo LLC,3.0,113314.0,Day,Street,Dry,25,Daylight,Cloudy/fog,HV,No,0
2024-01-01,POD,JAGUAR,I-Pace,2021,Waymo LLC,3.0,114229.0,Day,Intersection,Dry,40,Dark/Not_Lighted,Clear,PC,No,0
2024-02-01,POD,JAGUAR,I-Pace,2021,Waymo LLC,3.0,114290.0,Day,Street,Dry,40,Dark/Lighted,Clear,PC,No,26
2024-03-01,Minor,JAGUAR,I-Pace,2021,Waymo LLC,3.0,114335.0,Day,Intersection,Dry,30,Daylight,Cloudy/fog,PC,No,8
2024-09-01,POD,JAGUAR,I-Pace,2021,Waymo LLC,3.0,114370.0,Day,Intersection,Dry,15,Daylight,Cloudy/fog,PC,No,0
2024-04-01,POD,JAGUAR,I-Pace,2021,Waymo LLC,3.0,114928.0,Day,Street,Dry,35,Daylight,Cloudy/fog,PC,No,27
2024-05-01,POD,JAGUAR,I-Pace,2021,Waymo LLC,3.0,115012.0,Night,Street,Dry,40,Dark/Lighted,Clear,PC,No,0
2024-11-01,POD,JAGUAR,I-Pace,2021,Waymo LLC,3.0,115280.0,Day,Intersection,Dry,25,Daylight,Clear,PC,No,0
2024-10-01,POD,JAGUAR,I-Pace,2021,Waymo LLC,3.0,116185.0,Day,Street,Dry,25,Daylight,Cloudy/fog,Object,No,31
2024-03-01,Minor,JAGUAR,I-Pace,2021,Waymo LLC,3.0,118140.0,Day,Intersection,Dry,40,Daylight,Clear,PC,Yes,25
2024-02-01,Minor,JAGUAR,I-Pace,2021,Waymo LLC,3.0,118480.0,Day,Street,Dry,35,Daylight,Clear,PC,No,0
2024-03-01,POD,JAGUAR,I-Pace,2021,Waymo LLC,3.0,119359.0,Night,Intersection,Dry,45,Dark/Lighted,Clear,PC,No,0
2024-07-01,POD,JAGUAR,I-Pace,2021,Waymo LLC,3.0,119981.0,Day,Street,Dry,5,Daylight,Clear,PC,No,6
2024-10-01,POD,JAGUAR,I-Pace,2021,Waymo LLC,3.0,120242.0,Day,Street,Dry,25,Dark/Lighted,Clear,PC,No,0
2024-05-01,Serious,JAGUAR,I-Pace,2021,Waymo LLC,3.0,122747.0,Day,Highway,Dry,65,Dark/Not_Lighted,Cloudy/fog,PC,Yes,34
2024-06-01,POD,JAGUAR,I-Pace,2021,Waymo LLC,3.0,122972.0,Day,Street,Dry,40,Dark/Lighted,Clear,Object,No,35
2024-02-01,POD,JAGUAR,I-Pace,2021,Waymo LLC,3.0,122999.0,Day,Street,Dry,35,Daylight,Clear,PC,No,0
2024-02-01,POD,JAGUAR,I-Pace,2021,Waymo LLC,3.0,125707.0,Night,Street,Dry,40,Dark/Lighted,Clear,PC,No,0
2024-05-01,POD,JAGUAR,I-Pace,2021,Waymo LLC,3.0,125840.0,Day,Street,Dry,15,Daylight,Clear,PC,No,4
2024-06-01,POD,JAGUAR,I-Pace,2021,Waymo LLC,3.0,127908.0,Day,Intersection,Dry,25,Daylight,Cloudy/fog,PC,No,1
2024-06-01,POD,JAGUAR,I-Pace,2021,Waymo LLC,3.0,128293.0,Day,Intersection,Dry,35,Daylight,Cloudy/fog,PC,No,13
2024-09-01,POD,JAGUAR,I-Pace,2021,Waymo LLC,3.0,128623.0,Day,Street,Dry,20,Daylight,Clear,PC,No,0
2024-05-01,Moderate,JAGUAR,I-Pace,2021,Waymo LLC,3.0,129471.0,Day,Intersection,Dry,45,Daylight,Clear,PC,No,19
2024-06-01,POD,JAGUAR,I-Pace,2021,Waymo LLC,3.0,129577.0,Day,Street,Dry,40,Daylight,Clear,HV,No,0
2024-04-01,POD,JAGUAR,I-Pace,2021,Waymo LLC,3.0,130737.0,Day,Street,Dry,15,Daylight,Clear,PC,No,0
2024-05-01,POD,JAGUAR,I-Pace,2021,Waymo LLC,3.0,131785.0,Day,Street,Dry,15,Daylight,Clear,PC,No,0
2024-10-01,POD,JAGUAR,I-Pace,2021,Waymo LLC,3.0,132321.0,Day,Street,Dry,25,Daylight,Clear,HV,No,0
2024-10-01,POD,JAGUAR,I-Pace,2021,Waymo LLC,3.0,133532.0,Day,Street,Dry,35,Daylight,Cloudy/fog,PC,No,0
2024-05-01,POD,JAGUAR,I-Pace,2021,Waymo LLC,3.0,134602.0,Day,Intersection,Dry,40,Daylight,Clear,PC,No,3
2024-07-01,Minor,JAGUAR,I-Pace,2021,Waymo LLC,3.0,134631.0,Day,Street,Dry,40,Dark/Lighted,Clear,PC,No,24
2024-07-01,POD,JAGUAR,I-Pace,2021,Waymo LLC,3.0,135319.0,Day,Street,Dry,10,Daylight,Clear,PC,No,5
2024-06-01,POD,JAGUAR,I-Pace,2021,Waymo LLC,3.0,136899.0,Day,Intersection,Dry,40,Dark/Lighted,Clear,PC,Yes,0
2024-06-01,POD,JAGUAR,I-Pace,2021,Waymo LLC,3.0,137012.0,Day,Street,Dry,40,Daylight,Clear,PC,No,36
2024-08-01,POD,JAGUAR,I-Pace,2021,Waymo LLC,3.0,138814.0,Night,Street,Dry,15,Daylight,Clear,Object,No,1
2024-09-01,POD,JAGUAR,I-Pace,2021,Waymo LLC,3.0,139286.0,Day,Street,Dry,25,Daylight,Clear,PC,No,0
2024-08-01,POD,JAGUAR,I-Pace,2021,Waymo LLC,3.0,139899.0,Day,Street,Dry,45,Daylight,Clear,PC,No,44
2024-03-01,POD,JAGUAR,I-Pace,2021,Waymo LLC,3.0,142185.0,Day,Street,Dry,35,Daylight,Clear,PC,No,11
2024-05-01,POD,JAGUAR,I-Pace,2021,Waymo LLC,3.0,142222.0,Day,Street,Dry,30,Daylight,Clear,PC,No,0
2024-08-01,POD,JAGUAR,I-Pace,2021,Waymo LLC,3.0,144676.0,Night,Street,Dry,25,Daylight,Cloudy/fog,Object,No,6
2024-09-01,POD,JAGUAR,I-Pace,2021,Waymo LLC,3.0,144852.0,Night,Street,Dry,40,Daylight,Cloudy/fog,PC,No,0
2024-09-01,POD,JAGUAR,I-Pace,2021,Waymo LLC,3.0,145117.0,Day,Street,Dry,25,Dark/Not_Lighted,Clear,PC,No,0
2024-10-01,POD,JAGUAR,I-Pace,2021,Waymo LLC,3.0,145887.0,Night,Street,Dry,25,Dark/Not_Lighted,Cloudy/fog,PC,No,12
2024-09-01,POD,JAGUAR,I-Pace,2021,Waymo LLC,3.0,147799.0,Night,Intersection,Dry,45,Dark/Lighted,Clear,PC,No,0
2024-09-01,POD,JAGUAR,I-Pace,2021,Waymo LLC,3.0,148060.0,Night,Street,Dry,35,Dark/Lighted,Clear,Object,No,1
2024-09-01,POD,JAGUAR,I-Pace,2021,Waymo LLC,3.0,148805.0,Day,Street,Dry,35,Daylight,Clear,PC,No,0
2024-10-01,POD,JAGUAR,I-Pace,2021,Waymo LLC,3.0,149522.0,Night,Street,Dry,25,Dark/Lighted,Clear,PC,No,0
2024-08-01,POD,JAGUAR,I-Pace,2021,Waymo LLC,3.0,151685.0,Day,Street,Dry,40,Daylight,Clear,HV,No,0
2024-07-01,POD,JAGUAR,I-Pace,2021,Waymo LLC,3.0,152712.0,Day,Intersection,Dry,40,Dark/Lighted,Clear,PC,No,3
2024-10-01,POD,JAGUAR,I-Pace,2021,Waymo LLC,3.0,154764.0,Day,Street,Dry,15,Dark/Lighted,Clear,PC,No,0
2024-08-01,Moderate,JAGUAR,I-Pace,2021,Waymo LLC,3.0,160918.0,Day,Street,Dry,45,Daylight,Clear,PC,No,0
2024-09-01,POD,JAGUAR,I-Pace,2021,Waymo LLC,3.0,162327.25,Day,Intersection,Dry,35,Dark/Lighted,Clear,PC,No,6
2024-08-01,POD,JAGUAR,I-Pace,2021,Waymo LLC,3.0,162327.25,Night,Intersection,Dry,40,Dark/Lighted,Clear,PC,No,0
2024-10-01,POD,JAGUAR,I-Pace,2021,Waymo LLC,3.0,162327.25,Day,Intersection,Dry,25,Daylight,Clear,PC,No,0
2024-10-01,POD,JAGUAR,I-Pace,2021,Waymo LLC,3.0,162327.25,Day,Intersection,Dry,25,Daylight,Clear,PC,No,6
2024-10-01,POD,JAGUAR,I-Pace,2021,Waymo LLC,3.0,162327.25,Day,Street,Dry,45,Dark/Lighted,Clear,HV,No,0
2022-04-01,POD,CRUISE,AV,2020,Cruise,3.0,162327.25,Night,Intersection,Dry,25,Dark/Lighted,Clear,PC,No,0
2023-11-01,Serious,JAGUAR,I-Pace,2021,Waymo LLC,3.0,162327.25,Night,Intersection,Dry,25,Dark/Lighted,Clear,PC,No,0
2024-02-01,POD,JAGUAR,I-Pace,2021,Waymo LLC,3.0,162327.25,Day,Street,Dry,25,Daylight,Clear,HV,No,0
2024-03-01,POD,JAGUAR,I-Pace,2021,Waymo LLC,3.0,162327.25,Night,Intersection,Dry,40,Dark/Lighted,Clear,PC,No,19
2024-03-01,POD,JAGUAR,I-Pace,2021,Waymo LLC,3.0,162327.25,Night,Intersection,Dry,25,Dark/Lighted,Clear,PC,No,0
2024-09-01,POD,JAGUAR,I-Pace,2021,Waymo LLC,3.0,162327.25,Day,Intersection,Dry,35,Dark/Lighted,Clear,PC,No,6
2024-02-01,POD,HYUNDAI,Ioniq 5,2024,Motional,3.0,338.0,Day,Street,Dry,35,Daylight,Clear,Object,No,15
2023-12-01,POD,HYUNDAI,Ioniq 5,2022,Motional,3.0,609.0,Day,Intersection,Dry,15,Daylight,Clear,PC,No,0
2022-05-01,POD,FORD,Escape,2020,Argo AI,3.0,1016.0,Day,Intersection,Dry,25,Daylight,Clear,HV,No,0
2022-01-01,Minor,FORD,Escape,2020,Argo AI,3.0,1278.0,Day,Street,Dry,30,Daylight,Clear,PC,No,0
2022-06-01,POD,FORD,Escape,2020,Argo AI,3.0,1635.0,Day,Street,Dry,30,Daylight,Clear,Object,No,0
2024-08-01,POD,HYUNDAI,Ioniq 5,2024,Motional,3.0,1770.0,Day,Street,Dry,45,Daylight,Clear,Object,No,2
2022-08-01,POD,FORD,Escape,2020,Argo AI,3.0,1857.0,Day,Street,Dry,30,Daylight,Clear,PC,No,0
2022-10-01,POD,FORD,Escape,2020,Argo AI,3.0,1912.0,Day,Street,Dry,30,Daylight,Clear,PC,No,11
2022-06-01,POD,FORD,Escape,2020,Argo AI,3.0,1949.0,Day,Intersection,Dry,25,Daylight,Clear,PC,No,0
2022-06-01,POD,FORD,Escape,2020,Argo AI,3.0,2034.0,Day,Street,Wet,30,Daylight,Snow/rain,PC,No,1
2022-10-01,POD,FORD,Escape,2020,Argo AI,3.0,2277.0,Day,Street,Dry,25,Daylight,Clear,PC,No,0
2022-03-01,Moderate,FORD,Escape,2020,Argo AI,3.0,2562.0,Day,Intersection,Dry,30,Daylight,Clear,PC,No,0
2022-09-01,POD,FORD,Escape,2020,Argo AI,3.0,2902.0,Day,Street,Dry,25,Daylight,Clear,HV,No,0
2023-01-01,POD,HYUNDAI,Ioniq 5,2021,Motional,3.0,3474.0,Day,Street,Dry,35,Daylight,Clear,PC,No,18
2022-09-01,POD,FORD,Escape,2020,Argo AI,3.0,4006.0,Day,Street,Dry,25,Daylight,Clear,Object,No,21
2022-08-01,POD,FORD,Escape,2020,Argo AI,3.0,4783.0,Day,Street,Dry,30,Daylight,Clear,PC,No,0
2023-06-01,Minor,HYUNDAI,Ioniq 5,2021,Motional,3.0,5581.0,Night,Intersection,Dry,15,Dark/Lighted,Clear,PC,No,3
2023-02-01,POD,HYUNDAI,Ioniq 5,2021,Motional,3.0,6330.0,Day,Street,Dry,15,Daylight,Clear,PC,No,10
2024-09-01,Moderate,HYUNDAI,Ioniq 5,2024,Motional,3.0,6527.0,Day,Intersection,Dry,45,Daylight,Clear,PC,No,0
2022-05-01,POD,HYUNDAI,Ioniq 5,2022,Motional,3.0,6742.0,Day,Street,Dry,15,Daylight,Clear,PC,No,8
2021-08-01,POD,FORD,Fusion,2019,Argo AI,3.0,9783.0,Day,Street,Dry,30,Daylight,Clear,PC,No,0
2021-09-01,POD,FORD,Fusion,2019,Argo AI,3.0,10389.0,Day,Street,Dry,30,Daylight,Clear,PC,No,8
2021-07-01,Minor,FORD,Fusion,2019,Argo AI,3.0,10722.0,Day,Street,Dry,25,Daylight,Clear,PC,No,0
2021-07-01,POD,FORD,Fusion,2019,Argo AI,3.0,11497.0,Day,Street,Dry,30,Daylight,Clear,PC,No,2
2022-03-01,POD,FORD,Fusion,2019,Argo AI,3.0,11510.0,Day,Intersection,Wet,30,Daylight,Cloudy/fog,PC,No,0
2022-02-01,POD,FORD,Fusion,2019,Argo AI,3.0,13277.0,Day,Street,Dry,25,Daylight,Cloudy/fog,PC,No,0
2021-07-01,POD,FORD,Fusion,2019,Argo AI,3.0,16752.0,Day,Intersection,Dry,30,Daylight,Clear,PC,No,0
2021-10-01,POD,FORD,Escape,2020,Argo AI,3.0,21459.0,Day,Intersection,Dry,25,Daylight,Cloudy/fog,PC,No,0
2022-03-01,Minor,MERCEDES-BENZ,EQS 450 4Matic,2021,Mercedes-Benz,3.0,58.0,Day,Street,Dry,5,Daylight,Clear,PC,No,1
2024-09-01,POD,TOYOTA,Sienna,2022,May Mobility,3.0,500.0,Day,Street,Dry,30,Daylight,Clear,Object,No,30
2022-09-01,POD,TOYOTA,Sienna,2021,May Mobility,3.0,700.0,Day,Street,Dry,25,Daylight,Clear,PC,No,0
2022-12-01,POD,NISSAN,Leaf SV Plus,2023,WeRide,3.0,868.0,Day,Intersection,Dry,30,Dark/Not_Lighted,Clear,PC,No,0
2024-02-01,POD,TOYOTA,Sienna,2022,May Mobility,3.0,1255.0,Day,Street,Wet,35,Daylight,Snow/rain,PC,No,29
2023-08-01,POD,TOYOTA,Sienna,2021,May Mobility,3.0,1588.0,Day,Street,Dry,15,Daylight,Clear,PC,No,18
2021-09-01,POD,CHRYSLER,Pacifica,2017,Waymo LLC,3.0,1702.0,Day,Street,Dry,15,Dark/Lighted,Clear,PC,No,0
2021-10-01,POD,HYUNDAI,Kona EV,2021,Pony.ai,3.0,2550.0,Day,Street,Dry,40,Daylight,Clear,Object,No,35
2021-07-01,POD,LEXUS,RX450H,2020,May Mobility,3.0,3854.0,Day,Street,Dry,25,Daylight,Clear,PC,No,18
2022-10-01,POD,PETERBILT,579,2022,"Aurora Operations, Inc",3.0,3987.0,Day,Highway,Dry,65,Daylight,Clear,PC,No,64
2021-08-01,POD,LEXUS,RX450H,2020,May Mobility,3.0,4586.0,Day,Street,Dry,25,Daylight,Clear,PC,No,6
2024-01-01,POD,TOYOTA,Prius,2022,Nuro,3.0,4801.0,Day,Intersection,Dry,25,Daylight,Clear,PC,No,0
2022-12-01,POD,TOYOTA,Sienna,2021,May Mobility,3.0,5708.0,Day,Street,Dry,30,Daylight,Clear,PC,No,0
2024-01-01,POD,TOYOTA,Prius,2022,Nuro,3.0,7377.0,Night,Intersection,Wet,25,Daylight,Snow/rain,PC,No,24
2023-05-01,POD,NISSAN,Leaf,2023,WeRide,3.0,8009.0,Day,Street,Dry,20,Daylight,Clear,Object,No,0
2024-05-01,POD,TOYOTA,sedan,2023,Zoox,3.0,8136.0,Day,Street,Dry,25,Daylight,Clear,PC,No,13
2024-04-01,POD,TOYOTA,Sienna,2022,May Mobility,3.0,8838.0,Day,Intersection,Dry,30,Daylight,Clear,HV,No,5
2024-01-01,POD,TOYOTA,Prius,2022,Nuro,3.0,8963.0,Day,Street,Dry,30,Daylight,Clear,PC,No,18
2021-08-01,POD,LEXUS,RX450H,2020,May Mobility,3.0,9211.0,Day,Street,Dry,25,Daylight,Clear,PC,No,22
2023-08-01,POD,NISSAN,LEAF,2023,WeRide,3.0,9548.0,Day,Street,Dry,0,Daylight,Clear,PC,No,0
2021-11-01,POD,NISSAN,Leaf SL,2019,WeRide,3.0,9645.0,Day,Highway,Dry,45,Daylight,Clear,PC,No,0
2024-07-01,POD,TOYOTA,Siennaa,2022,May Mobility,3.0,10326.0,Day,Street,Dry,30,Daylight,Clear,HV,No,0
2024-05-01,POD,TOYOTA,Sienna,2022,May Mobility,3.0,11254.0,Day,Street,Dry,35,Daylight,Clear,PC,No,0
2024-07-01,POD,TOYOTA,Sienna,2022,May Mobility,3.0,11837.0,Day,Street,Dry,35,Daylight,Clear,PC,No,15
2024-03-01,POD,TOYOTA,Prius,2022,Nuro,3.0,12581.0,Night,Street,Dry,25,Dark/Not_Lighted,Clear,Object,No,10
2024-05-01,POD,TOYOTA,Prius,2022,Nuro,3.0,13160.0,Day,Intersection,Dry,25,Daylight,Clear,Pedestrian,No,2
2021-07-01,POD,LINCOLN,MKZ,2017,WeRide,3.0,13679.0,Day,Street,Dry,35,Daylight,Clear,PC,No,3
2024-06-01,POD,TOYOTA,Prius,2022,Nuro,3.0,13728.0,Day,Intersection,Dry,30,Daylight,Clear,PC,No,14
2023-05-01,POD,TOYOTA,Sienna,2021,May Mobility,3.0,13761.0,Day,Intersection,Dry,30,Daylight,Clear,Object,No,0
2024-01-01,POD,NISSAN,LEAF,2023,WeRide,3.0,13961.0,Day,Street,Dry,20,Daylight,Clear,PC,No,2
2023-09-01,POD,NISSAN,Leaf,2023,WeRide,3.0,14370.0,Day,Street,Dry,30,Daylight,Clear,PC,No,0
2024-04-01,Minor,TOYOTA,Highlander,2019,Zoox,3.0,14560.0,Day,Intersection,Dry,25,Daylight,Clear,PC,No,7
2023-02-01,POD,MERCEDES-BENZ,S580,2022,Mercedes-Benz,3.0,15045.0,Day,Highway,Dry,25,Daylight,Clear,PC,No,0
2024-07-01,POD,TOYOTA,Sienna,2022,May Mobility,3.0,15976.0,Day,Street,Dry,25,Daylight,Clear,Object,No,0
2024-07-01,POD,TOYOTA,Highlander,2019,Zoox,3.0,16733.0,Day,Street,Dry,25,Daylight,Clear,PC,No,0
2024-10-01,POD,TOYOTA,Sienna,2022,May Mobility,3.0,16972.0,Day,Street,Dry,25,Daylight,Clear,PC,No,0
2021-09-01,POD,CHRYSLER,Pacifica,2017,Waymo LLC,3.0,17012.0,Day,Street,Dry,15,Dark/Lighted,Clear,PC,No,0
2022-04-01,POD,HYUNDAI,Kona EV,2020,Pony.ai,3.0,18430.0,Day,Street,Wet,25,Daylight,Snow/rain,PC,No,0
2023-07-01,POD,TOYOTA,Sienna,2021,May Mobility,3.0,18444.0,Day,Street,Dry,30,Daylight,Clear,PC,No,0
2021-10-01,POD,CHRYSLER,Pacifica,2017,Waymo LLC,3.0,18698.0,Day,Intersection,Dry,45,Daylight,Clear,PC,No,21
2022-08-01,POD,LEXUS,RX450H,2020,May Mobility,3.0,19352.0,Day,Intersection,Dry,25,Daylight,Clear,PC,No,10
2022-05-01,POD,HYUNDAI,Kona EV,2021,Pony.ai,3.0,19429.0,Day,Street,Dry,25,Daylight,Clear,PC,No,4
2022-05-01,POD,LEXUS,RX450H,2020,May Mobility,3.0,19835.0,Day,Street,Dry,25,Daylight,Clear,PC,No,11
2021-10-01,POD,CHRYSLER,Pacifica,2017,Waymo LLC,3.0,20619.0,Day,Street,Dry,25,Daylight,Clear,PC,No,0
2024-06-01,POD,NISSAN,Leaf,2023,WeRide,3.0,20829.0,Day,Street,Dry,25,Daylight,Clear,PC,No,0
2021-11-01,POD,CHRYSLER,Pacifica,2017,Waymo LLC,3.0,20839.0,Night,Intersection,Dry,25,Dark/Lighted,Clear,PC,No,0
2023-10-01,POD,TOYOTA,Sienna,2021,May Mobility,3.0,20960.0,Day,Street,Dry,30,Daylight,Cloudy/fog,Object,No,27
2024-03-01,POD,TOYOTA,Highlander,2017,Zoox,3.0,22173.0,Day,Street,Dry,45,Daylight,Clear,PC,No,3
2023-06-01,POD,HYUNDAI,Kona EV,2021,Pony.ai,3.0,22303.0,Day,Street,Dry,35,Daylight,Clear,PC,No,0
2024-06-01,POD,PETERBILT,579,2024,"Aurora Operations, Inc",3.0,22595.0,Night,Highway,Dry,75,Dark/Not_Lighted,Clear,PC,No,65
2022-07-01,POD,CHRYSLER,Pacifica,2017,Waymo LLC,3.0,23524.0,Day,Street,Dry,15,Dark/Lighted,Clear,PC,No,0
2021-08-01,POD,CHEVROLET,Bolt,2020,Cruise,3.0,24248.0,Day,Intersection,Dry,25,Daylight,Clear,PC,No,22
2023-04-01,POD,CHRYSLER,Pacifica,2017,Waymo LLC,3.0,24311.0,Day,Intersection,Dry,45,Daylight,Clear,PC,No,5
2022-12-01,POD,LEXUS,RX450h,2020,May Mobility,3.0,24692.0,Night,Street,Dry,0,Dark/Lighted,Clear,PC,No,0
2024-06-01,POD,NISSAN,Leaf,2019,WeRide,3.0,25430.0,Day,Street,Dry,35,Daylight,Clear,PC,No,6
2022-11-01,POD,LEXUS,RX450H,2020,May Mobility,3.0,25702.0,Day,Intersection,Dry,25,Daylight,Clear,Object,No,4
2024-07-01,POD,TOYOTA,Highlander,2019,Zoox,3.0,27052.0,Night,Street,Dry,25,Daylight,Cloudy/fog,PC,No,1
2023-04-01,POD,LEXUS,RX450h,2020,May Mobility,3.0,28420.0,Day,Street,Dry,25,Daylight,Clear,PC,No,18
2022-05-01,POD,MERCEDES-BENZ,S350D,2022,Mercedes-Benz,3.0,28508.0,Day,Highway,Dry,25,Daylight,Clear,HV,No,0
2021-07-01,POD,CHEVROLET,Bolt,2020,Cruise,3.0,29293.0,Night,Street,Dry,25,Dark/Lighted,Clear,PC,No,0
2021-10-01,POD,CHEVROLET,Bolt,2020,Cruise,3.0,29675.0,Day,Street,Dry,25,Dark/Lighted,Clear,PC,No,0
2023-03-01,POD,PETERBILT,579,2022,"Aurora Operations, Inc",3.0,31279.0,Day,Highway,Dry,70,Daylight,Cloudy/fog,PC,No,65
2021-11-01,POD,CHEVROLET,Bolt,2020,Cruise,3.0,31487.0,Day,Intersection,Dry,25,Daylight,Clear,PC,No,0
2024-04-01,POD,PETERBILT,Peterbilt 579,2024,"Aurora Operations, Inc",3.0,31782.0,Day,Highway,Dry,65,Daylight,Cloudy/fog,PC,No,62
2024-07-01,Minor,TOYOTA,Highlander,2019,Zoox,3.0,31992.0,Day,Street,Dry,25,Daylight,Clear,Object,No,0
2021-11-01,POD,CHEVROLET,Bolt,2020,Cruise,3.0,32552.0,Day,Intersection,Dry,25,Daylight,Clear,PC,No,11
2022-01-01,POD,TOYOTA,Highlander,2016,Zoox,3.0,32899.0,Day,Street,Dry,25,Daylight,Clear,PC,No,0
2024-05-01,POD,PETERBILT,579,2024,"Aurora Operations, Inc",3.0,34065.0,Day,Highway,Dry,75,Dark/Lighted,Cloudy/fog,Object,No,0
2021-07-01,POD,CHRYSLER,Pacifica,2017,Waymo LLC,3.0,34996.0,Day,Intersection,Dry,25,Daylight,Cloudy/fog,HV,No,0
2024-02-01,POD,TOYOTA,Highlander,2019,Zoox,3.0,35228.0,Day,Intersection,Dry,25,Daylight,Clear,PC,No,0
2021-09-01,POD,TOYOTA,Highlander,2016,Zoox,3.0,38832.0,Day,Intersection,Dry,25,Daylight,Clear,PC,No,0
2022-10-01,POD,TOYOTA,Highlander,2016,Zoox,3.0,39307.0,Day,Intersection,Dry,25,Daylight,Clear,PC,No,24
2022-07-01,POD,TOYOTA,Highlander,2016,Zoox,3.0,41402.0,Day,Intersection,Dry,25,Daylight,Clear,PC,No,1
2022-02-01,POD,PETERBILT,579 Epiq,2022,Waymo LLC,3.0,42556.0,Day,Highway,Dry,75,Daylight,Clear,HV,No,50
2023-10-01,POD,TOYOTA,Highlander,2017,Zoox,3.0,42988.0,Night,Street,Dry,25,Dark/Lighted,Clear,PC,No,17
2023-04-01,POD,TOYOTA,Highlander,2017,Zoox,3.0,43963.0,Day,Intersection,Dry,25,Daylight,Clear,PC,No,0
2024-09-01,POD,PETERBILT,579,2023,"Aurora Operations, Inc",3.0,44998.0,Day,Highway,Wet,75,Daylight,Snow/rain,PC,No,72
2023-02-01,POD,MERCEDES-BENZ,S580,2021,Mercedes-Benz,3.0,45380.0,Day,Highway,Dry,65,Daylight,Clear,HV,No,0
2021-08-01,POD,TOYOTA,Highlander,2016,Zoox,3.0,47018.0,Night,Street,Dry,25,Dark/Lighted,Clear,PC,No,5
2023-08-01,Minor,MERCEDES-BENZ,S 580 4Matic,2021,Mercedes-Benz,3.0,47363.0,Day,Highway,Dry,25,Daylight,Clear,HV,No,0
2021-10-01,POD,TOYOTA,Highlander,2016,Zoox,3.0,47537.0,Day,Intersection,Dry,25,Daylight,Clear,PC,No,14
2021-09-01,POD,TOYOTA,Highlander,2019,Zoox,3.0,50694.0,Day,Intersection,Dry,25,Dark/Lighted,Clear,PC,No,5
2022-02-01,POD,TOYOTA,Highlander,2016,Zoox,3.0,52306.0,Night,Street,Dry,25,Dark/Lighted,Clear,PC,No,0
2022-08-01,POD,CHRYSLER,Pacifica,2017,Waymo LLC,3.0,52590.0,Day,Intersection,Dry,30,Daylight,Cloudy/fog,Object,No,18
2024-02-01,POD,TOYOTA,Highlander,2019,Zoox,3.0,52867.0,Day,Street,Dry,25,Daylight,Clear,HV,No,1
2023-10-01,POD,TOYOTA,Highlander,2017,Zoox,3.0,54622.0,Day,Street,Dry,25,Daylight,Clear,PC,No,12
2022-03-01,POD,HYUNDAI,Kona EV,2019,Pony.ai,3.0,54796.0,Day,Street,Wet,45,Daylight,Snow/rain,PC,No,23
2024-06-01,POD,PETERBILT,579,2024,"Aurora Operations, Inc",3.0,54941.0,Day,Highway,Dry,65,Daylight,Cloudy/fog,PC,No,55
2024-08-01,POD,TOYOTA,Highlander,2017,Zoox,3.0,56823.0,Night,Street,Dry,45,Dark/Lighted,Clear,PC,No,16
2022-10-01,POD,TOYOTA,Highlander,2016,Zoox,3.0,57118.0,Day,Street,Dry,25,Daylight,Clear,HV,No,0
2024-04-01,POD,TOYOTA,Highlander,2017,Zoox,3.0,57577.0,Day,Intersection,Dry,45,Daylight,Clear,PC,No,1
2022-03-01,Minor,TOYOTA,Highlander,2016,Zoox,3.0,57678.0,Day,Intersection,Dry,25,Daylight,Clear,PC,No,1
2022-02-01,POD,TOYOTA,Highlander,2016,Zoox,3.0,57706.0,Day,Street,Dry,25,Daylight,Clear,Object,No,0
2024-08-01,POD,PETERBILT,579,2024,"Aurora Operations, Inc",3.0,58078.0,Day,Highway,Dry,75,Daylight,Cloudy/fog,PC,No,65
2022-05-01,Moderate,PETERBILT,579 Epiq,2022,Waymo LLC,3.0,58117.0,Day,Highway,Dry,65,Daylight,Clear,HV,No,62
2021-07-01,POD,TOYOTA,Highlander,2016,Zoox,3.0,58804.0,Night,Street,Dry,25,Dark/Lighted,Clear,PC,No,0
2024-04-01,Minor,TOYOTA,Highlander,2019,Zoox,3.0,59843.0,Day,Street,Dry,45,Daylight,Clear,PC,No,2
2023-05-01,Minor,TOYOTA,Highlander,2017,Zoox,3.0,60250.0,Day,Street,Dry,25,Daylight,Clear,PC,No,1
2022-06-01,Moderate,TOYOTA,Highlander,2016,Zoox,3.0,61479.0,Day,Intersection,Dry,25,Daylight,Clear,Object,No,12
2023-01-01,POD,CHRYSLER,Pacifica,2017,Waymo LLC,3.0,64430.0,Day,Intersection,Dry,25,Daylight,Clear,PC,No,0
2023-11-01,Minor,TOYOTA,Highlander,2017,Zoox,3.0,65425.0,Night,Street,Dry,25,Dark/Lighted,Clear,PC,No,0
2022-11-01,POD,TOYOTA,Highlander,2016,Zoox,3.0,65697.0,Day,Street,Dry,30,Daylight,Clear,HV,No,0
2022-08-01,Minor,TOYOTA,Highlander,2019,Zoox,3.0,66457.0,Day,Street,Dry,30,Daylight,Clear,PC,Yes,2
2024-03-01,Minor,TOYOTA,Highlander,2019,Zoox,3.0,66817.0,Day,Street,Wet,45,Daylight,Clear,PC,No,3
2024-10-01,POD,TOYOTA,Highlander,2019,Zoox,3.0,68048.0,Night,Street,Dry,45,Dark/Lighted,Clear,PC,No,39
2024-07-01,POD,TOYOTA,Highlander,2019,Zoox,3.0,68476.0,Day,Street,Dry,25,Daylight,Clear,PC,No,0
2023-07-01,POD,PETERBILT,579m,2022,"Aurora Operations, Inc",3.0,68773.0,Day,Highway,Dry,70,Daylight,Clear,PC,No,64
2024-09-01,POD,PETERBILT,579,2023,"Aurora Operations, Inc",3.0,71029.0,Night,Highway,Dry,75,Dark/Lighted,Clear,PC,No,60
2022-03-01,Minor,TOYOTA,Highlander,2016,Zoox,3.0,72592.0,Day,Intersection,Dry,15,Daylight,Clear,Object,No,2
2023-01-01,POD,TOYOTA,Highlander,2016,Zoox,3.0,73157.0,Night,Street,Dry,25,Dark/Lighted,Clear,PC,No,3
2023-02-01,POD,TOYOTA,Highlander,2016,Zoox,3.0,76168.0,Day,Street,Dry,25,Daylight,Clear,PC,No,0
2023-02-01,POD,TOYOTA,Highlander,2016,Zoox,3.0,76298.0,Night,Street,Dry,25,Dark/Lighted,Clear,PC,No,0
2024-09-01,POD,PETERBILT,579,2024,"Aurora Operations, Inc",3.0,76583.0,Day,Highway,Dry,75,Daylight,Clear,PC,No,65
2021-07-01,POD,TOYOTA,Highlander,2016,Zoox,3.0,77332.0,Day,Street,Dry,35,Daylight,Clear,PC,No,3
2021-12-01,POD,TOYOTA,Highlander,2016,Zoox,3.0,79832.0,Night,Intersection,Wet,25,Dark/Lighted,Cloudy/fog,PC,No,1
2022-04-01,POD,TOYOTA,Highlander,2016,Zoox,3.0,80506.0,Day,Intersection,Dry,25,Daylight,Clear,PC,No,8
2024-01-01,POD,TOYOTA,Highlander,2017,Zoox,3.0,80742.0,Day,Intersection,Dry,35,Daylight,Clear,PC,No,0
2022-08-01,POD,TOYOTA,Highlander,2016,Zoox,3.0,81418.0,Night,Street,Dry,25,Dark/Lighted,Clear,HV,No,0
2022-05-01,POD,TOYOTA,Highlander,2016,Zoox,3.0,81606.0,Day,Street,Dry,25,Daylight,Clear,PC,No,25
2023-11-01,POD,PETERBILT,579,2023,"Aurora Operations, Inc",3.0,83468.0,Day,Highway,Wet,75,Daylight,Snow/rain,PC,No,67
2024-10-01,POD,PETERBILT,579,2023,"Aurora Operations, Inc",3.0,85783.0,Day,Highway,Dry,75,Dark/Not_Lighted,Clear,Object,No,74
2023-09-01,POD,TOYOTA,Highlander,2017,Zoox,3.0,86020.0,Day,Street,Dry,25,Daylight,Clear,HV,No,0
2022-11-01,POD,TOYOTA,Highlander,2016,Zoox,3.0,88602.0,Night,Street,Dry,30,Dark/Lighted,Clear,PC,No,9
2023-02-01,Minor,TOYOTA,Highlander,2016,Zoox,3.0,89119.0,Day,Intersection,Dry,45,Daylight,Clear,Object,No,0
2023-02-01,POD,TOYOTA,Highlander,2016,Zoox,3.0,89239.0,Day,Intersection,Dry,25,Daylight,Clear,PC,No,7
2024-10-01,POD,TOYOTA,Highlander,2017,Zoox,3.0,90151.0,Night,Street,Dry,30,Dark/Lighted,Clear,PC,No,0
2024-01-01,POD,TOYOTA,Highlander,2017,Zoox,3.0,90280.0,Day,Street,Dry,20,Daylight,Clear,PC,No,0
2024-01-01,POD,TOYOTA,Highlander,2017,Zoox,3.0,90477.0,Night,Intersection,Dry,20,Dark/Lighted,Clear,PC,No,0
2022-06-01,POD,TOYOTA,Highlander,2016,Zoox,3.0,91060.0,Day,Street,Dry,25,Daylight,Clear,PC,No,25
2022-06-01,POD,TOYOTA,Highlander,2016,Zoox,3.0,91466.0,Day,Street,Dry,25,Daylight,Clear,PC,No,6
2022-08-01,POD,TOYOTA,Highlander,2016,Zoox,3.0,96912.0,Night,Street,Dry,25,Dark/Lighted,Clear,Pedestrian,No,2
2022-08-01,POD,TOYOTA,Highlander,2016,Zoox,3.0,96912.0,Night,Street,Dry,25,Dark/Lighted,Clear,Pedestrian,No,0
2023-03-01,POD,TOYOTA,Highlander,2016,Zoox,3.0,97446.0,Night,Street,Dry,25,Dark/Not_Lighted,Clear,Object,No,4
2022-08-01,POD,CHRYSLER,Pacifica,2017,Waymo LLC,3.0,99215.0,Day,Street,Dry,10,Daylight,Clear,PC,No,0
2024-10-01,Minor,TOYOTA,Highlander,2017,Zoox,3.0,99310.0,Day,Intersection,Dry,25,Daylight,Clear,Object,No,1
2022-11-01,POD,TOYOTA,Highlander,2016,Zoox,3.0,101494.0,Night,Street,Dry,25,Dark/Lighted,Clear,PC,No,5
2022-11-01,POD,TOYOTA,Highlander,2016,Zoox,3.0,102496.0,Night,Intersection,Dry,25,Dark/Lighted,Clear,PC,No,0
2024-03-01,POD,PETERBILT,579,2023,"Aurora Operations, Inc",3.0,105033.0,Day,Highway,Dry,75,Daylight,Clear,PC,No,0
2024-10-01,POD,TOYOTA,Highlander,2017,Zoox,3.0,107815.0,Day,Street,Dry,25,Daylight,Clear,PC,No,1
2024-02-01,POD,PETERBILT,579,2023,"Aurora Operations, Inc",3.0,108193.0,Day,Highway,Dry,75,Dark/Not_Lighted,Cloudy/fog,HV,No,62
2023-03-01,POD,TOYOTA,Highlander,2016,Zoox,3.0,111324.0,Day,Intersection,Dry,45,Daylight,Clear,PC,No,0
2023-01-01,POD,TOYOTA,Highlander,2016,Zoox,3.0,112547.0,Day,Street,Dry,30,Daylight,Clear,PC,No,24
2023-05-01,Minor,TOYOTA,Highlander,2016,Zoox,3.0,120162.0,Day,Street,Dry,45,Daylight,Clear,PC,No,0
2021-09-01,POD,CHRYSLER,Pacifica,2017,Waymo LLC,3.0,120658.0,Day,Street,Dry,45,Daylight,Clear,PC,No,0
2021-09-01,POD,CHRYSLER,Pacifica,2017,Waymo LLC,3.0,120958.0,Day,Street,Dry,45,Daylight,Clear,PC,No,0
2022-09-01,POD,PETERBILT,579 Epiq,2022,Waymo LLC,3.0,139488.0,Day,Highway,Dry,75,Dark/Not_Lighted,Clear,PC,No,35
2023-06-01,Moderate,NISSAN,LEAF,2019,WeRide,3.0,146898.0,Day,Street,Dry,45,Daylight,Clear,HV,No,0
2022-10-01,POD,PETERBILT,579 Epiq,2022,Waymo LLC,3.0,151927.0,Day,Highway,Dry,65,Daylight,Clear,PC,Yes,59
2022-08-01,POD,PETERBILT,579 Epiq,2021,Waymo LLC,3.0,162327.25,Night,Highway,Dry,65,Dark/Not_Lighted,Cloudy/fog,HV,No,61
2022-12-01,POD,PETERBILT,579 Epiq,2021,Waymo LLC,3.0,162327.25,Day,Highway,Dry,75,Dark/Not_Lighted,Cloudy/fog,HV,No,51
2024-01-01,POD,VOLKSWAGEN,ID.Buzz,2023,ADMT - VWGoA,3.0,1562.0,Day,Intersection,Dry,35,Daylight,Clear,PC,No,0
2021-08-01,POD,LOCAL MOTORS,Olli,2019,Beep,3.0,1821.0,Night,Street,Dry,15,Daylight,Clear,PC,No,8
2021-10-01,POD,EZ10,GEN2,2018,Colorado School of Mines,3.0,1894.0,Day,Street,Dry,9,Daylight,Clear,Object,No,7
2024-02-01,POD,VOLKSWAGEN,ID.Buzz,2023,ADMT - VWGoA,3.0,2052.0,Day,Intersection,Dry,40,Daylight,Cloudy/fog,PC,No,0
2024-04-01,POD,VOLKSWAGEN,ID.Buzz,2023,ADMT - VWGoA,3.0,2679.0,Day,Street,Wet,35,Daylight,Snow/rain,PC,No,0
2021-10-01,POD,EZ10,GEN2,2018,Colorado School of Mines,3.0,2841.0,Day,Street,Dry,25,Daylight,Clear,PC,No,0
2022-12-01,POD,NAVYA,ARMA,2018,Beep,3.0,3413.0,Day,Street,Dry,1,Dark/Not_Lighted,Clear,PC,No,1
2024-05-01,POD,VOLKSWAGEN,ID.Buzz,2023,ADMT - VWGoA,3.0,3805.0,Day,Street,Dry,25,Daylight,Clear,PC,No,0
2024-06-01,POD,VOLKSWAGEN,ID.Buzz,2023,VWGoA,3.0,4247.0,Day,Street,Dry,35,Daylight,Clear,PC,No,9
2022-11-01,POD,MERCEDES-BENZ,S450,2021,NVIDIA,3.0,4722.0,Day,Highway,Dry,65,Dark/Lighted,Clear,PC,No,19
2023-12-01,POD,LEXUS,RX450H,2020,"VisLab, SRL (subsidiary of Ambarella, Inc.)",3.0,5226.0,Day,Street,Dry,30,Daylight,Clear,PC,No,18
2022-08-01,POD,LIGIER,EZ10 Gen 3,2019,"First Transit, Inc.",3.0,5357.0,Day,Intersection,Dry,25,Daylight,Clear,PC,No,0
2024-06-01,POD,LOCAL MOTORS (LOCM),Olli 2.0 Shuttle,2020,Beep,3.0,7394.0,Day,Street,Dry,15,Daylight,Clear,HV,No,0
2024-10-01,POD,NAVYA,ARMA,2020,Beep,3.0,8046.0,Day,Intersection,Dry,25,Daylight,Clear,PC,No,0
2022-10-01,POD,POLESTAR,Polestar 2,2022,Polestar,3.0,9214.0,Day,Highway,Dry,50,Daylight,Clear,Object,No,55
2022-08-01,POD,KENWORTH MOTOR TRUCK CO,T680,2022,"Kodiak-Robotics, Inc.",3.0,10766.0,Night,Highway,Dry,75,Daylight,Clear,PC,No,15
2021-11-01,POD,JAGUAR,I-Pace,2021,5th Generation ADS,3.0,11661.0,Day,Intersection,Dry,25,Dark/Lighted,Clear,PC,No,0
2021-09-01,POD,LEXUS,RX 450h,2017,Apple Inc.,3.0,17962.0,Day,Intersection,Dry,45,Daylight,Cloudy/fog,Object,No,13
2023-09-01,POD,LEXUS,RX 450h,2017,Apple Inc.,3.0,24459.0,Day,Highway,Dry,55,Daylight,Clear,PC,No,0
2022-06-01,POD,LEXUS,RX 450h,2016,Apple Inc.,3.0,39990.0,Day,Intersection,Dry,25,Daylight,Clear,PC,No,0
2023-02-01,POD,KENWORTH MOTOR TRUCK CO,T680,2023,"Kodiak-Robotics, Inc.",3.0,40405.0,Day,Highway,Dry,60,Daylight,Cloudy/fog,PC,No,56
2023-09-01,POD,LINCOLN,MKZ,2019,Pony.ai,3.0,48834.0,Day,Highway,Dry,65,Daylight,Clear,PC,No,58
2022-07-01,POD,FREIGHTLINER,Cascadia,2021,"Torc Robotics, Inc",3.0,52858.0,Day,Highway,Dry,65,Daylight,Cloudy/fog,PC,No,58
2022-07-01,POD,FREIGHTLINER,Cascadia,2021,"Torc Robotics, Inc",3.0,59545.0,Day,Highway,Dry,75,Daylight,Clear,PC,No,51
2024-01-01,POD,TOYOTA,Camry,2017,Ghost Autonomy Inc.,3.0,62068.0,Day,Highway,Dry,50,Daylight,Clear,PC,No,11
2024-05-01,POD,LINCOLN,MKZ,2019,Pony.ai,3.0,63792.0,Day,Street,Dry,35,Daylight,Clear,Object,No,30
2023-12-01,POD,FREIGHTLINER,Cascadia,2023,"Torc Robotics, Inc",3.0,64838.0,Day,Highway,Wet,75,Daylight,Snow/rain,Object,No,65
2023-08-01,POD,TOYOTA,Camry,2017,Ghost Autonomy Inc.,3.0,75322.0,Day,Highway,Dry,65,Daylight,Clear,PC,No,55
2022-04-01,POD,INTERNATIONAL,LT625,2021,TuSimple,3.0,78762.0,Day,Highway,Dry,65,Daylight,Clear,Object,No,65
2024-10-01,POD,KENWORTH MOTOR TRUCK CO,T680,2022,"Kodiak-Robotics, Inc.",3.0,122330.0,Day,Highway,Dry,65,Daylight,Clear,Object,No,52
2023-10-01,POD,KENWORTH MOTOR TRUCK CO,T680,2019,"Kodiak-Robotics, Inc.",3.0,162327.25,Day,Highway,Dry,75,Daylight,Clear,HV,No,34
